,Date,S1,S2,S3,S4,S5,S6,S7,S8,S9,S10
0,2017-01-01,76.0,79.0,57.0,50.0,30.0,77.0,62.0,20.0,40.0,42.0
1,2017-01-02,64.0,91.0,42.0,59.0,46.0,64.0,61.0,25.0,35.0,51.0
2,2017-01-03,53.0,66.0,60.0,70.0,82.0,28.0,60.0,34.0,49.0,69.0
3,2017-01-04,65.0,72.0,43.0,53.0,39.0,75.0,67.0,35.0,43.0,49.0
4,2017-01-05,58.0,69.0,43.0,71.0,42.0,64.0,52.0,28.0,29.0,43.0
5,2017-01-06,55.0,74.0,66.0,72.0,73.0,44.0,47.0,46.0,65.0,56.0
6,2017-01-07,59.0,71.0,49.0,51.0,49.0,79.0,53.0,43.0,37.0,44.0
7,2017-01-08,53.0,61.0,72.0,82.0,77.0,29.0,31.0,47.0,42.0,73.0
8,2017-01-09,46.0,66.0,67.0,86.0,80.0,33.0,30.0,41.0,67.0,72.0
9,2017-01-10,63.0,58.0,54.0,79.0,76.0,48.0,41.0,41.0,64.0,69.0
10,2017-01-11,49.0,75.0,59.0,49.0,31.0,75.0,58.0,24.0,42.0,38.0
11,2017-01-12,58.0,85.0,56.0,56.0,41.0,61.0,76.0,35.0,48.0,51.0
12,2017-01-13,65.0,83.0,45.0,46.0,44.0,73.0,53.0,43.0,60.0,47.0
13,2017-01-14,66.0,93.0,47.0,55.0,39.0,69.0,62.0,26.0,34.0,43.0
14,2017-01-15,51.0,90.0,53.0,46.0,47.0,68.0,69.0,25.0,57.0,55.0
15,2017-01-16,65.0,86.0,39.0,53.0,47.0,67.0,59.0,23.0,39.0,55.0
16,2017-01-17,68.0,70.0,52.0,48.0,49.0,92.0,57.0,34.0,42.0,41.0
17,2017-01-18,63.0,84.0,50.0,61.0,41.0,73.0,72.0,43.0,52.0,54.0
18,2017-01-19,82.0,67.0,43.0,54.0,38.0,65.0,61.0,37.0,43.0,49.0
19,2017-01-20,65.0,76.0,60.0,52.0,44.0,66.0,59.0,33.0,46.0,39.0
20,2017-01-21,64.0,77.0,51.0,52.0,42.0,67.0,54.0,26.0,40.0,32.0
21,2017-01-22,44.0,68.0,51.0,52.0,51.0,85.0,60.0,24.0,48.0,53.0
22,2017-01-23,62.0,73.0,48.0,48.0,42.0,76.0,58.0,17.0,47.0,55.0
23,2017-01-24,61.0,71.0,55.0,54.0,40.0,65.0,51.0,31.0,43.0,43.0
24,2017-01-25,52.0,74.0,76.0,71.0,63.0,42.0,44.0,33.0,63.0,65.0
25,2017-01-26,73.0,85.0,45.0,58.0,40.0,80.0,49.0,32.0,38.0,50.0
26,2017-01-27,67.0,90.0,48.0,41.0,41.0,76.0,60.0,33.0,45.0,36.0
27,2017-01-28,64.0,76.0,49.0,56.0,39.0,74.0,63.0,31.0,47.0,44.0
28,2017-01-29,57.0,62.0,59.0,68.0,41.0,77.0,67.0,43.0,48.0,47.0
29,2017-01-30,50.0,77.0,38.0,57.0,51.0,65.0,54.0,35.0,48.0,48.0
30,2017-01-31,42.0,78.0,50.0,42.0,52.0,73.0,60.0,20.0,47.0,49.0
31,2017-02-01,55.0,74.0,26.0,54.0,43.0,78.0,59.0,35.0,44.0,48.0
32,2017-02-02,72.0,75.0,57.0,65.0,50.0,64.0,54.0,30.0,37.0,54.0
33,2017-02-03,56.0,74.0,56.0,41.0,38.0,66.0,55.0,39.0,50.0,48.0
34,2017-02-04,57.0,76.0,50.0,59.0,33.0,80.0,63.0,26.0,46.0,50.0
35,2017-02-05,59.0,74.0,47.0,56.0,48.0,61.0,63.0,31.0,50.0,45.0
36,2017-02-06,70.0,80.0,59.0,40.0,44.0,59.0,50.0,29.0,35.0,45.0
37,2017-02-07,63.0,81.0,48.0,61.0,38.0,70.0,53.0,23.0,54.0,57.0
38,2017-02-08,62.0,83.0,53.0,54.0,51.0,76.0,60.0,31.0,48.0,38.0
39,2017-02-09,66.0,80.0,44.0,39.0,38.0,67.0,51.0,32.0,40.0,56.0
40,2017-02-10,61.0,77.0,32.0,45.0,55.0,61.0,60.0,36.0,42.0,57.0
41,2017-02-11,66.0,82.0,45.0,50.0,42.0,75.0,60.0,45.0,57.0,34.0
42,2017-02-12,59.0,80.0,59.0,48.0,44.0,70.0,81.0,31.0,45.0,44.0
43,2017-02-13,58.0,69.0,51.0,53.0,43.0,65.0,58.0,45.0,49.0,44.0
44,2017-02-14,77.0,67.0,51.0,51.0,49.0,85.0,64.0,34.0,34.0,50.0
45,2017-02-15,54.0,71.0,54.0,45.0,40.0,72.0,55.0,28.0,40.0,47.0
46,2017-02-16,57.0,74.0,71.0,84.0,80.0,65.0,50.0,32.0,72.0,64.0
47,2017-02-17,63.0,73.0,47.0,56.0,56.0,62.0,62.0,20.0,46.0,54.0
48,2017-02-18,61.0,82.0,60.0,62.0,59.0,71.0,64.0,23.0,33.0,58.0
49,2017-02-19,56.0,78.0,50.0,52.0,58.0,71.0,57.0,26.0,47.0,52.0
50,2017-02-20,59.0,69.0,48.0,52.0,50.0,66.0,52.0,27.0,40.0,45.0
51,2017-02-21,57.0,78.0,69.0,80.0,75.0,44.0,39.0,33.0,68.0,66.0
52,2017-02-22,60.0,76.0,48.0,51.0,40.0,78.0,66.0,24.0,60.0,45.0
53,2017-02-23,55.0,72.0,62.0,57.0,53.0,75.0,61.0,28.0,38.0,52.0
54,2017-02-24,62.0,74.0,50.0,65.0,43.0,91.0,63.0,40.0,39.0,53.0
55,2017-02-25,63.0,71.0,45.0,48.0,45.0,76.0,60.0,35.0,34.0,49.0
56,2017-02-26,67.0,82.0,49.0,60.0,40.0,65.0,54.0,36.0,48.0,45.0
57,2017-02-27,64.0,75.0,47.0,54.0,48.0,75.0,53.0,38.0,54.0,41.0
58,2017-02-28,64.0,75.0,48.0,52.0,43.0,68.0,60.0,29.0,50.0,51.0
59,2017-03-01,62.0,81.0,45.0,51.0,44.0,87.0,60.0,35.0,42.0,49.0
60,2017-03-02,54.0,72.0,50.0,52.0,44.0,61.0,58.0,32.0,31.0,48.0
61,2017-03-03,73.0,75.0,49.0,61.0,52.0,79.0,65.0,34.0,51.0,49.0
62,2017-03-04,63.0,82.0,46.0,43.0,38.0,87.0,60.0,33.0,46.0,42.0
63,2017-03-05,72.0,76.0,63.0,55.0,45.0,64.0,60.0,28.0,46.0,36.0
64,2017-03-06,59.0,58.0,73.0,65.0,80.0,47.0,35.0,37.0,49.0,70.0
65,2017-03-07,63.0,70.0,43.0,47.0,40.0,67.0,66.0,28.0,35.0,37.0
66,2017-03-08,51.0,79.0,74.0,79.0,83.0,49.0,36.0,39.0,57.0,54.0
67,2017-03-09,77.0,62.0,49.0,51.0,46.0,63.0,60.0,30.0,45.0,38.0
68,2017-03-10,66.0,73.0,66.0,87.0,65.0,51.0,45.0,31.0,64.0,68.0
69,2017-03-11,70.0,79.0,38.0,54.0,41.0,84.0,61.0,39.0,47.0,57.0
70,2017-03-12,73.0,81.0,43.0,55.0,45.0,68.0,71.0,21.0,33.0,56.0
71,2017-03-13,58.0,78.0,56.0,59.0,52.0,76.0,65.0,36.0,45.0,46.0
72,2017-03-14,68.0,91.0,46.0,58.0,53.0,63.0,63.0,33.0,37.0,35.0
73,2017-03-15,46.0,68.0,73.0,74.0,84.0,44.0,38.0,38.0,72.0,69.0
74,2017-03-16,51.0,60.0,91.0,65.0,86.0,43.0,36.0,35.0,78.0,61.0
75,2017-03-17,73.0,81.0,56.0,51.0,41.0,65.0,51.0,33.0,48.0,49.0
76,2017-03-18,62.0,88.0,48.0,53.0,44.0,65.0,66.0,29.0,42.0,42.0
77,2017-03-19,56.0,64.0,54.0,56.0,44.0,70.0,46.0,37.0,28.0,50.0
78,2017-03-20,48.0,74.0,72.0,66.0,77.0,36.0,42.0,40.0,71.0,67.0
79,2017-03-21,73.0,86.0,36.0,58.0,47.0,83.0,84.0,37.0,54.0,41.0
80,2017-03-22,70.0,74.0,77.0,58.0,66.0,37.0,22.0,40.0,57.0,72.0
81,2017-03-23,63.0,71.0,63.0,78.0,69.0,58.0,35.0,40.0,59.0,60.0
82,2017-03-24,61.0,94.0,55.0,54.0,52.0,63.0,65.0,36.0,41.0,51.0
83,2017-03-25,60.0,65.0,39.0,53.0,58.0,63.0,83.0,31.0,43.0,38.0
84,2017-03-26,69.0,90.0,38.0,49.0,46.0,70.0,62.0,27.0,47.0,45.0
85,2017-03-27,55.0,81.0,62.0,76.0,64.0,57.0,48.0,32.0,73.0,63.0
86,2017-03-28,67.0,79.0,39.0,53.0,36.0,74.0,51.0,31.0,48.0,46.0
87,2017-03-29,75.0,86.0,38.0,52.0,43.0,66.0,55.0,40.0,43.0,41.0
88,2017-03-30,69.0,77.0,31.0,43.0,39.0,53.0,42.0,24.0,38.0,55.0
89,2017-03-31,62.0,71.0,57.0,52.0,45.0,77.0,59.0,30.0,51.0,54.0
90,2017-04-01,70.0,68.0,55.0,52.0,46.0,75.0,58.0,32.0,61.0,52.0
91,2017-04-02,65.0,76.0,51.0,55.0,47.0,74.0,63.0,29.0,38.0,52.0
92,2017-04-03,56.0,69.0,62.0,45.0,52.0,72.0,67.0,33.0,39.0,47.0
93,2017-04-04,68.0,79.0,49.0,61.0,51.0,65.0,66.0,32.0,58.0,58.0
94,2017-04-05,52.0,73.0,50.0,47.0,44.0,62.0,55.0,27.0,45.0,40.0
95,2017-04-06,67.0,79.0,49.0,51.0,41.0,76.0,58.0,25.0,38.0,39.0
96,2017-04-07,70.0,63.0,43.0,51.0,45.0,71.0,54.0,33.0,64.0,29.0
97,2017-04-08,59.0,86.0,41.0,51.0,41.0,72.0,60.0,43.0,49.0,42.0
98,2017-04-09,61.0,65.0,51.0,40.0,30.0,75.0,60.0,27.0,42.0,46.0
99,2017-04-10,66.0,85.0,54.0,56.0,46.0,68.0,50.0,25.0,38.0,46.0
100,2017-04-11,55.0,74.0,43.0,46.0,39.0,73.0,54.0,37.0,45.0,47.0
101,2017-04-12,75.0,80.0,47.0,52.0,28.0,65.0,58.0,33.0,29.0,47.0
102,2017-04-13,65.0,72.0,39.0,61.0,28.0,63.0,60.0,35.0,48.0,53.0
103,2017-04-14,60.0,77.0,48.0,43.0,45.0,73.0,77.0,21.0,46.0,36.0
104,2017-04-15,66.0,96.0,46.0,57.0,43.0,72.0,53.0,27.0,57.0,56.0
105,2017-04-16,67.0,92.0,53.0,60.0,51.0,68.0,54.0,30.0,44.0,47.0
106,2017-04-17,57.0,78.0,48.0,50.0,24.0,66.0,73.0,43.0,36.0,44.0
107,2017-04-18,74.0,74.0,48.0,46.0,47.0,69.0,61.0,26.0,37.0,38.0
108,2017-04-19,59.0,88.0,56.0,53.0,44.0,80.0,75.0,30.0,52.0,56.0
109,2017-04-20,69.0,64.0,44.0,57.0,37.0,68.0,65.0,27.0,38.0,55.0
110,2017-04-21,70.0,71.0,44.0,59.0,33.0,77.0,62.0,19.0,63.0,48.0
111,2017-04-22,62.0,70.0,45.0,65.0,52.0,69.0,63.0,19.0,53.0,53.0
112,2017-04-23,68.0,79.0,53.0,50.0,43.0,76.0,53.0,31.0,53.0,55.0
113,2017-04-24,72.0,82.0,37.0,48.0,59.0,60.0,53.0,31.0,43.0,44.0
114,2017-04-25,57.0,76.0,41.0,46.0,47.0,79.0,47.0,19.0,39.0,38.0
115,2017-04-26,68.0,84.0,46.0,46.0,32.0,77.0,62.0,22.0,47.0,56.0
116,2017-04-27,67.0,72.0,40.0,66.0,39.0,80.0,62.0,24.0,33.0,55.0
117,2017-04-28,53.0,68.0,50.0,51.0,49.0,83.0,62.0,34.0,48.0,46.0
118,2017-04-29,53.0,74.0,39.0,49.0,47.0,66.0,71.0,29.0,43.0,44.0
119,2017-04-30,58.0,83.0,49.0,52.0,35.0,72.0,80.0,33.0,36.0,36.0
120,2017-05-01,66.0,70.0,51.0,57.0,48.0,62.0,61.0,29.0,49.0,57.0
121,2017-05-02,66.0,87.0,56.0,49.0,44.0,77.0,55.0,38.0,47.0,32.0
122,2017-05-03,55.0,75.0,48.0,66.0,44.0,70.0,60.0,32.0,35.0,51.0
123,2017-05-04,61.0,86.0,56.0,59.0,39.0,71.0,53.0,34.0,39.0,58.0
124,2017-05-05,60.0,65.0,41.0,46.0,44.0,69.0,51.0,37.0,53.0,46.0
125,2017-05-06,57.0,80.0,52.0,52.0,48.0,58.0,61.0,28.0,47.0,52.0
126,2017-05-07,64.0,76.0,75.0,66.0,74.0,43.0,42.0,38.0,47.0,62.0
127,2017-05-08,62.0,64.0,57.0,46.0,58.0,66.0,66.0,47.0,33.0,35.0
128,2017-05-09,69.0,70.0,45.0,48.0,35.0,61.0,54.0,24.0,39.0,46.0
129,2017-05-10,67.0,75.0,48.0,47.0,50.0,66.0,66.0,27.0,44.0,52.0
130,2017-05-11,66.0,77.0,54.0,60.0,42.0,84.0,65.0,23.0,55.0,52.0
131,2017-05-12,60.0,89.0,47.0,49.0,30.0,79.0,55.0,24.0,39.0,39.0
132,2017-05-13,54.0,70.0,53.0,50.0,46.0,74.0,62.0,36.0,43.0,54.0
133,2017-05-14,50.0,82.0,38.0,53.0,51.0,69.0,69.0,36.0,38.0,49.0
134,2017-05-15,64.0,78.0,54.0,77.0,78.0,62.0,45.0,55.0,51.0,67.0
135,2017-05-16,66.0,73.0,54.0,53.0,42.0,88.0,61.0,36.0,39.0,45.0
136,2017-05-17,67.0,87.0,50.0,42.0,48.0,63.0,70.0,31.0,42.0,50.0
137,2017-05-18,75.0,82.0,52.0,51.0,37.0,74.0,52.0,29.0,51.0,50.0
138,2017-05-19,73.0,77.0,35.0,53.0,37.0,71.0,73.0,24.0,45.0,52.0
139,2017-05-20,53.0,81.0,47.0,55.0,51.0,80.0,60.0,23.0,42.0,52.0
140,2017-05-21,69.0,81.0,38.0,50.0,46.0,70.0,60.0,24.0,45.0,39.0
141,2017-05-22,59.0,77.0,42.0,40.0,26.0,80.0,65.0,27.0,48.0,38.0
142,2017-05-23,53.0,78.0,46.0,58.0,36.0,71.0,56.0,29.0,32.0,33.0
143,2017-05-24,54.0,69.0,66.0,77.0,71.0,43.0,36.0,33.0,63.0,75.0
144,2017-05-25,67.0,76.0,58.0,58.0,40.0,71.0,62.0,42.0,45.0,55.0
145,2017-05-26,60.0,68.0,52.0,57.0,41.0,83.0,60.0,34.0,28.0,51.0
146,2017-05-27,75.0,70.0,62.0,47.0,42.0,68.0,65.0,23.0,38.0,50.0
147,2017-05-28,60.0,67.0,47.0,45.0,42.0,89.0,63.0,17.0,44.0,51.0
148,2017-05-29,56.0,67.0,83.0,81.0,70.0,37.0,39.0,41.0,78.0,68.0
149,2017-05-30,69.0,72.0,44.0,56.0,39.0,67.0,56.0,25.0,44.0,58.0
150,2017-05-31,75.0,73.0,42.0,53.0,34.0,73.0,56.0,25.0,51.0,39.0
151,2017-06-01,59.0,75.0,57.0,50.0,43.0,69.0,57.0,30.0,36.0,57.0
152,2017-06-02,54.0,79.0,74.0,85.0,65.0,47.0,52.0,51.0,66.0,73.0
153,2017-06-03,40.0,76.0,68.0,89.0,77.0,52.0,33.0,31.0,65.0,78.0
154,2017-06-04,72.0,80.0,61.0,45.0,53.0,64.0,76.0,38.0,50.0,28.0
155,2017-06-05,63.0,85.0,44.0,40.0,33.0,68.0,60.0,28.0,43.0,40.0
156,2017-06-06,52.0,69.0,75.0,80.0,68.0,44.0,37.0,31.0,83.0,78.0
157,2017-06-07,52.0,64.0,57.0,57.0,56.0,69.0,60.0,39.0,37.0,54.0
158,2017-06-08,59.0,76.0,47.0,49.0,33.0,74.0,59.0,34.0,43.0,43.0
159,2017-06-09,72.0,96.0,68.0,34.0,45.0,58.0,55.0,45.0,45.0,49.0
160,2017-06-10,67.0,83.0,43.0,54.0,54.0,75.0,53.0,37.0,48.0,45.0
161,2017-06-11,72.0,83.0,45.0,52.0,39.0,88.0,67.0,30.0,43.0,50.0
162,2017-06-12,64.0,56.0,45.0,40.0,43.0,63.0,67.0,34.0,45.0,38.0
163,2017-06-13,63.0,76.0,42.0,52.0,35.0,59.0,60.0,46.0,30.0,49.0
164,2017-06-14,57.0,70.0,56.0,58.0,41.0,68.0,57.0,37.0,50.0,32.0
165,2017-06-15,54.0,71.0,54.0,52.0,50.0,68.0,57.0,29.0,41.0,45.0
166,2017-06-16,60.0,84.0,53.0,51.0,47.0,72.0,62.0,33.0,52.0,44.0
167,2017-06-17,73.0,71.0,50.0,58.0,40.0,73.0,57.0,39.0,56.0,43.0
168,2017-06-18,57.0,71.0,70.0,82.0,74.0,51.0,48.0,40.0,47.0,68.0
169,2017-06-19,54.0,87.0,66.0,72.0,67.0,43.0,32.0,36.0,61.0,74.0
170,2017-06-20,61.0,73.0,59.0,51.0,41.0,67.0,64.0,22.0,41.0,44.0
171,2017-06-21,59.0,76.0,41.0,50.0,44.0,72.0,56.0,36.0,48.0,48.0
172,2017-06-22,53.0,78.0,66.0,83.0,76.0,42.0,38.0,41.0,64.0,70.0
173,2017-06-23,49.0,66.0,72.0,69.0,83.0,41.0,35.0,31.0,63.0,62.0
174,2017-06-24,61.0,77.0,50.0,53.0,56.0,67.0,63.0,26.0,43.0,62.0
175,2017-06-25,48.0,71.0,57.0,50.0,39.0,60.0,65.0,28.0,46.0,46.0
176,2017-06-26,48.0,67.0,66.0,77.0,71.0,46.0,18.0,32.0,63.0,59.0
177,2017-06-27,69.0,73.0,42.0,53.0,41.0,83.0,55.0,32.0,46.0,48.0
178,2017-06-28,58.0,81.0,70.0,72.0,66.0,54.0,34.0,37.0,56.0,68.0
179,2017-06-29,49.0,63.0,68.0,58.0,41.0,66.0,70.0,37.0,43.0,38.0
180,2017-06-30,63.0,79.0,43.0,52.0,37.0,71.0,60.0,41.0,47.0,31.0
181,2017-07-01,54.0,56.0,48.0,48.0,55.0,75.0,59.0,42.0,38.0,45.0
182,2017-07-02,63.0,60.0,59.0,69.0,49.0,71.0,59.0,33.0,49.0,56.0
183,2017-07-03,74.0,78.0,55.0,51.0,42.0,69.0,64.0,35.0,40.0,60.0
184,2017-07-04,67.0,73.0,35.0,55.0,50.0,80.0,55.0,30.0,55.0,49.0
185,2017-07-05,66.0,72.0,57.0,50.0,42.0,67.0,48.0,35.0,51.0,59.0
186,2017-07-06,69.0,82.0,64.0,64.0,30.0,60.0,50.0,33.0,48.0,59.0
187,2017-07-07,57.0,77.0,72.0,79.0,82.0,44.0,38.0,43.0,66.0,60.0
188,2017-07-08,54.0,82.0,45.0,48.0,35.0,66.0,60.0,37.0,34.0,39.0
189,2017-07-09,62.0,81.0,51.0,63.0,49.0,61.0,61.0,40.0,45.0,49.0
190,2017-07-10,51.0,71.0,58.0,80.0,75.0,39.0,45.0,38.0,74.0,60.0
191,2017-07-11,66.0,84.0,46.0,44.0,45.0,71.0,58.0,40.0,42.0,46.0
192,2017-07-12,52.0,67.0,67.0,75.0,75.0,42.0,42.0,41.0,66.0,70.0
193,2017-07-13,57.0,64.0,52.0,54.0,47.0,71.0,62.0,31.0,53.0,42.0
194,2017-07-14,57.0,86.0,32.0,58.0,45.0,62.0,58.0,37.0,52.0,46.0
195,2017-07-15,64.0,65.0,81.0,77.0,80.0,58.0,35.0,36.0,53.0,72.0
196,2017-07-16,71.0,76.0,56.0,50.0,37.0,85.0,61.0,42.0,39.0,50.0
197,2017-07-17,50.0,65.0,40.0,52.0,43.0,71.0,57.0,47.0,46.0,38.0
198,2017-07-18,64.0,74.0,62.0,48.0,38.0,74.0,66.0,42.0,54.0,44.0
199,2017-07-19,61.0,74.0,45.0,49.0,42.0,82.0,61.0,26.0,41.0,54.0
200,2017-07-20,67.0,77.0,50.0,54.0,44.0,73.0,63.0,20.0,50.0,54.0
201,2017-07-21,61.0,87.0,46.0,44.0,31.0,68.0,68.0,33.0,47.0,60.0
202,2017-07-22,63.0,80.0,54.0,79.0,72.0,61.0,46.0,32.0,45.0,76.0
203,2017-07-23,66.0,85.0,48.0,59.0,46.0,79.0,57.0,23.0,37.0,45.0
204,2017-07-24,65.0,63.0,68.0,75.0,66.0,41.0,48.0,36.0,56.0,66.0
205,2017-07-25,65.0,80.0,35.0,58.0,56.0,73.0,51.0,33.0,40.0,55.0
206,2017-07-26,66.0,79.0,54.0,54.0,60.0,64.0,60.0,30.0,55.0,48.0
207,2017-07-27,73.0,91.0,70.0,75.0,73.0,43.0,27.0,40.0,62.0,71.0
208,2017-07-28,74.0,80.0,56.0,47.0,34.0,73.0,68.0,39.0,42.0,50.0
209,2017-07-29,68.0,61.0,57.0,50.0,31.0,84.0,57.0,30.0,51.0,52.0
210,2017-07-30,65.0,80.0,43.0,48.0,47.0,74.0,53.0,18.0,45.0,59.0
211,2017-07-31,59.0,78.0,53.0,53.0,36.0,83.0,67.0,24.0,32.0,43.0
212,2017-08-01,57.0,66.0,68.0,77.0,65.0,44.0,38.0,39.0,70.0,57.0
213,2017-08-02,71.0,74.0,45.0,55.0,48.0,76.0,46.0,36.0,55.0,46.0
214,2017-08-03,62.0,79.0,50.0,63.0,52.0,74.0,65.0,26.0,47.0,35.0
215,2017-08-04,73.0,77.0,48.0,47.0,41.0,69.0,54.0,27.0,53.0,50.0
216,2017-08-05,51.0,77.0,41.0,48.0,40.0,71.0,64.0,36.0,57.0,48.0
217,2017-08-06,58.0,74.0,49.0,60.0,31.0,73.0,75.0,33.0,50.0,45.0
218,2017-08-07,67.0,86.0,42.0,46.0,42.0,66.0,76.0,24.0,51.0,35.0
219,2017-08-08,74.0,61.0,71.0,81.0,72.0,45.0,35.0,42.0,63.0,65.0
220,2017-08-09,63.0,75.0,68.0,68.0,82.0,40.0,34.0,33.0,57.0,63.0
221,2017-08-10,62.0,72.0,48.0,44.0,41.0,68.0,69.0,29.0,40.0,33.0
222,2017-08-11,49.0,65.0,55.0,53.0,53.0,76.0,60.0,36.0,39.0,54.0
223,2017-08-12,56.0,72.0,49.0,58.0,41.0,61.0,67.0,39.0,57.0,49.0
224,2017-08-13,63.0,71.0,66.0,80.0,79.0,48.0,36.0,30.0,69.0,69.0
225,2017-08-14,71.0,72.0,33.0,54.0,43.0,55.0,58.0,29.0,36.0,50.0
226,2017-08-15,58.0,69.0,76.0,82.0,74.0,41.0,41.0,42.0,69.0,62.0
227,2017-08-16,63.0,73.0,51.0,54.0,54.0,76.0,50.0,25.0,46.0,28.0
228,2017-08-17,68.0,81.0,61.0,54.0,36.0,84.0,67.0,48.0,44.0,57.0
229,2017-08-18,50.0,85.0,58.0,44.0,38.0,78.0,63.0,34.0,49.0,42.0
230,2017-08-19,57.0,88.0,62.0,49.0,58.0,62.0,50.0,35.0,47.0,47.0
231,2017-08-20,61.0,75.0,60.0,58.0,57.0,80.0,54.0,25.0,41.0,44.0
232,2017-08-21,63.0,66.0,38.0,60.0,52.0,65.0,55.0,30.0,56.0,37.0
233,2017-08-22,58.0,79.0,45.0,50.0,48.0,81.0,72.0,30.0,38.0,50.0
234,2017-08-23,75.0,67.0,53.0,57.0,45.0,66.0,71.0,29.0,40.0,45.0
235,2017-08-24,47.0,72.0,72.0,84.0,73.0,46.0,39.0,34.0,54.0,72.0
236,2017-08-25,58.0,78.0,43.0,46.0,38.0,79.0,57.0,43.0,42.0,47.0
237,2017-08-26,63.0,73.0,46.0,51.0,51.0,79.0,65.0,19.0,51.0,54.0
238,2017-08-27,64.0,71.0,52.0,58.0,42.0,75.0,62.0,28.0,48.0,47.0
239,2017-08-28,58.0,81.0,55.0,42.0,39.0,71.0,52.0,29.0,54.0,43.0
240,2017-08-29,73.0,75.0,45.0,43.0,45.0,79.0,67.0,30.0,36.0,43.0
241,2017-08-30,66.0,75.0,54.0,61.0,51.0,64.0,63.0,30.0,52.0,52.0
242,2017-08-31,54.0,79.0,63.0,65.0,57.0,35.0,35.0,47.0,60.0,49.0
243,2017-09-01,64.0,74.0,51.0,39.0,47.0,72.0,56.0,32.0,47.0,56.0
244,2017-09-02,61.0,77.0,42.0,52.0,48.0,69.0,68.0,31.0,47.0,38.0
245,2017-09-03,44.0,69.0,75.0,77.0,82.0,64.0,55.0,35.0,72.0,68.0
246,2017-09-04,59.0,70.0,45.0,46.0,57.0,84.0,58.0,30.0,41.0,54.0
247,2017-09-05,55.0,68.0,51.0,81.0,72.0,48.0,32.0,34.0,53.0,52.0
248,2017-09-06,64.0,64.0,57.0,81.0,82.0,52.0,33.0,28.0,73.0,57.0
249,2017-09-07,74.0,86.0,37.0,51.0,56.0,69.0,63.0,34.0,43.0,46.0
250,2017-09-08,72.0,80.0,49.0,54.0,50.0,72.0,56.0,33.0,38.0,45.0
251,2017-09-09,77.0,93.0,54.0,51.0,37.0,60.0,70.0,33.0,34.0,56.0
252,2017-09-10,68.0,87.0,55.0,54.0,52.0,83.0,73.0,28.0,47.0,51.0
253,2017-09-11,63.0,68.0,46.0,46.0,45.0,75.0,69.0,26.0,47.0,38.0
254,2017-09-12,80.0,77.0,52.0,57.0,39.0,76.0,61.0,41.0,34.0,42.0
255,2017-09-13,56.0,76.0,47.0,59.0,57.0,82.0,42.0,26.0,47.0,50.0
256,2017-09-14,63.0,74.0,44.0,57.0,41.0,77.0,71.0,24.0,52.0,42.0
257,2017-09-15,63.0,67.0,52.0,60.0,47.0,78.0,58.0,31.0,44.0,44.0
258,2017-09-16,56.0,76.0,63.0,54.0,46.0,82.0,52.0,16.0,41.0,41.0
259,2017-09-17,54.0,66.0,73.0,81.0,76.0,59.0,44.0,43.0,71.0,62.0
260,2017-09-18,74.0,71.0,57.0,47.0,43.0,74.0,56.0,34.0,41.0,50.0
261,2017-09-19,66.0,79.0,32.0,50.0,41.0,68.0,67.0,44.0,37.0,48.0
262,2017-09-20,59.0,63.0,74.0,78.0,77.0,54.0,37.0,38.0,70.0,61.0
263,2017-09-21,76.0,77.0,57.0,63.0,31.0,83.0,67.0,37.0,40.0,42.0
264,2017-09-22,58.0,64.0,77.0,70.0,70.0,42.0,49.0,31.0,52.0,73.0
265,2017-09-23,59.0,72.0,56.0,51.0,39.0,76.0,62.0,23.0,54.0,45.0
266,2017-09-24,64.0,74.0,41.0,59.0,54.0,64.0,57.0,35.0,47.0,37.0
267,2017-09-25,64.0,78.0,57.0,59.0,30.0,68.0,60.0,26.0,47.0,58.0
268,2017-09-26,75.0,82.0,52.0,50.0,44.0,74.0,50.0,24.0,48.0,46.0
269,2017-09-27,60.0,80.0,46.0,51.0,48.0,72.0,61.0,40.0,60.0,48.0
270,2017-09-28,62.0,74.0,39.0,46.0,39.0,85.0,60.0,31.0,47.0,57.0
271,2017-09-29,66.0,67.0,44.0,58.0,34.0,78.0,66.0,27.0,52.0,48.0
272,2017-09-30,52.0,80.0,71.0,87.0,76.0,50.0,43.0,29.0,62.0,52.0
273,2017-10-01,78.0,64.0,38.0,47.0,40.0,57.0,67.0,26.0,48.0,50.0
274,2017-10-02,62.0,81.0,47.0,50.0,35.0,75.0,63.0,43.0,52.0,53.0
275,2017-10-03,65.0,80.0,62.0,54.0,52.0,64.0,73.0,33.0,43.0,52.0
276,2017-10-04,53.0,91.0,57.0,56.0,36.0,74.0,64.0,30.0,42.0,62.0
277,2017-10-05,76.0,78.0,35.0,61.0,38.0,71.0,61.0,34.0,48.0,53.0
278,2017-10-06,63.0,79.0,54.0,60.0,49.0,62.0,62.0,34.0,52.0,45.0
279,2017-10-07,53.0,80.0,72.0,78.0,62.0,48.0,46.0,33.0,54.0,78.0
280,2017-10-08,69.0,76.0,48.0,49.0,38.0,72.0,74.0,43.0,30.0,49.0
281,2017-10-09,64.0,76.0,48.0,49.0,37.0,69.0,63.0,31.0,43.0,61.0
282,2017-10-10,72.0,76.0,42.0,58.0,36.0,73.0,56.0,38.0,49.0,45.0
283,2017-10-11,59.0,83.0,41.0,47.0,58.0,67.0,69.0,40.0,32.0,62.0
284,2017-10-12,60.0,73.0,53.0,40.0,39.0,71.0,63.0,26.0,43.0,49.0
285,2017-10-13,62.0,88.0,37.0,66.0,48.0,82.0,52.0,33.0,39.0,34.0
286,2017-10-14,56.0,69.0,47.0,71.0,42.0,72.0,63.0,23.0,48.0,50.0
287,2017-10-15,64.0,86.0,49.0,61.0,49.0,75.0,60.0,27.0,52.0,38.0
288,2017-10-16,62.0,84.0,50.0,48.0,49.0,72.0,52.0,30.0,51.0,52.0
289,2017-10-17,71.0,76.0,28.0,61.0,52.0,75.0,71.0,39.0,37.0,44.0
290,2017-10-18,60.0,69.0,77.0,84.0,76.0,48.0,26.0,33.0,63.0,71.0
291,2017-10-19,76.0,72.0,55.0,54.0,39.0,79.0,56.0,41.0,42.0,41.0
292,2017-10-20,73.0,66.0,42.0,61.0,45.0,73.0,65.0,32.0,46.0,41.0
293,2017-10-21,61.0,82.0,38.0,58.0,35.0,71.0,60.0,34.0,47.0,41.0
294,2017-10-22,62.0,76.0,43.0,59.0,47.0,73.0,65.0,33.0,46.0,40.0
295,2017-10-23,60.0,68.0,72.0,83.0,81.0,38.0,49.0,41.0,48.0,66.0
296,2017-10-24,50.0,83.0,54.0,68.0,41.0,76.0,55.0,30.0,52.0,46.0
297,2017-10-25,66.0,72.0,45.0,54.0,42.0,75.0,64.0,30.0,41.0,54.0
298,2017-10-26,55.0,72.0,52.0,53.0,48.0,73.0,56.0,37.0,41.0,63.0
299,2017-10-27,55.0,73.0,45.0,50.0,38.0,68.0,60.0,33.0,55.0,42.0
300,2017-10-28,60.0,78.0,44.0,56.0,45.0,58.0,67.0,34.0,40.0,55.0
301,2017-10-29,63.0,80.0,48.0,37.0,50.0,78.0,48.0,31.0,43.0,49.0
302,2017-10-30,64.0,71.0,43.0,51.0,57.0,70.0,60.0,29.0,61.0,53.0
303,2017-10-31,60.0,77.0,49.0,60.0,50.0,79.0,63.0,43.0,50.0,36.0
304,2017-11-01,68.0,75.0,50.0,51.0,34.0,76.0,57.0,32.0,51.0,52.0
305,2017-11-02,55.0,75.0,64.0,91.0,82.0,39.0,54.0,41.0,73.0,66.0
306,2017-11-03,57.0,73.0,45.0,49.0,33.0,74.0,47.0,25.0,62.0,29.0
307,2017-11-04,60.0,70.0,59.0,71.0,73.0,49.0,46.0,37.0,65.0,65.0
308,2017-11-05,72.0,85.0,53.0,43.0,40.0,80.0,66.0,38.0,47.0,41.0
309,2017-11-06,72.0,68.0,48.0,44.0,62.0,74.0,51.0,41.0,42.0,46.0
310,2017-11-07,55.0,74.0,75.0,93.0,74.0,57.0,36.0,10.0,45.0,72.0
311,2017-11-08,56.0,67.0,54.0,59.0,44.0,63.0,67.0,34.0,34.0,53.0
312,2017-11-09,70.0,83.0,31.0,46.0,40.0,79.0,66.0,41.0,46.0,53.0
313,2017-11-10,59.0,69.0,81.0,73.0,76.0,33.0,36.0,45.0,65.0,74.0
314,2017-11-11,70.0,69.0,44.0,52.0,45.0,70.0,61.0,30.0,43.0,38.0
315,2017-11-12,54.0,79.0,58.0,61.0,48.0,67.0,69.0,31.0,59.0,50.0
316,2017-11-13,73.0,80.0,51.0,51.0,42.0,78.0,63.0,39.0,49.0,44.0
317,2017-11-14,54.0,84.0,76.0,83.0,71.0,51.0,43.0,34.0,55.0,61.0
318,2017-11-15,59.0,77.0,41.0,60.0,48.0,73.0,65.0,44.0,43.0,45.0
319,2017-11-16,64.0,66.0,38.0,62.0,46.0,61.0,62.0,38.0,29.0,50.0
320,2017-11-17,65.0,67.0,49.0,52.0,30.0,67.0,57.0,42.0,50.0,49.0
321,2017-11-18,67.0,87.0,58.0,54.0,30.0,78.0,72.0,25.0,47.0,32.0
322,2017-11-19,64.0,76.0,63.0,54.0,49.0,66.0,55.0,32.0,45.0,47.0
323,2017-11-20,62.0,67.0,53.0,54.0,40.0,66.0,68.0,30.0,46.0,35.0
324,2017-11-21,50.0,67.0,56.0,65.0,88.0,45.0,32.0,31.0,71.0,63.0
325,2017-11-22,70.0,89.0,46.0,51.0,48.0,79.0,71.0,39.0,37.0,43.0
326,2017-11-23,63.0,76.0,48.0,46.0,33.0,74.0,66.0,23.0,31.0,44.0
327,2017-11-24,64.0,76.0,59.0,53.0,34.0,60.0,72.0,36.0,38.0,54.0
328,2017-11-25,71.0,75.0,36.0,46.0,34.0,72.0,58.0,32.0,33.0,39.0
329,2017-11-26,70.0,69.0,45.0,37.0,36.0,75.0,77.0,30.0,37.0,44.0
330,2017-11-27,58.0,78.0,48.0,56.0,23.0,69.0,57.0,45.0,57.0,38.0
331,2017-11-28,51.0,68.0,71.0,91.0,79.0,46.0,31.0,31.0,55.0,50.0
332,2017-11-29,73.0,64.0,44.0,55.0,50.0,62.0,69.0,31.0,44.0,51.0
333,2017-11-30,62.0,71.0,76.0,80.0,72.0,51.0,34.0,37.0,65.0,75.0
334,2017-12-01,53.0,76.0,40.0,56.0,54.0,73.0,69.0,36.0,48.0,38.0
335,2017-12-02,61.0,82.0,50.0,53.0,49.0,81.0,61.0,19.0,41.0,33.0
336,2017-12-03,62.0,75.0,49.0,46.0,44.0,73.0,61.0,29.0,42.0,38.0
337,2017-12-04,67.0,77.0,61.0,59.0,44.0,70.0,66.0,33.0,45.0,42.0
338,2017-12-05,51.0,76.0,57.0,51.0,40.0,70.0,62.0,37.0,42.0,51.0
339,2017-12-06,57.0,65.0,52.0,59.0,48.0,65.0,65.0,39.0,37.0,37.0
340,2017-12-07,56.0,78.0,54.0,50.0,35.0,67.0,64.0,24.0,33.0,54.0
341,2017-12-08,71.0,66.0,45.0,52.0,59.0,74.0,61.0,37.0,45.0,48.0
342,2017-12-09,63.0,86.0,36.0,43.0,40.0,59.0,65.0,38.0,48.0,50.0
343,2017-12-10,58.0,82.0,46.0,54.0,42.0,69.0,63.0,35.0,43.0,49.0
344,2017-12-11,62.0,71.0,56.0,54.0,43.0,67.0,58.0,38.0,46.0,51.0
345,2017-12-12,61.0,80.0,47.0,56.0,58.0,81.0,71.0,24.0,40.0,53.0
346,2017-12-13,69.0,76.0,54.0,64.0,56.0,76.0,73.0,16.0,46.0,40.0
347,2017-12-14,75.0,71.0,40.0,58.0,55.0,78.0,60.0,38.0,38.0,50.0
348,2017-12-15,53.0,91.0,74.0,83.0,57.0,51.0,34.0,33.0,62.0,61.0
349,2017-12-16,77.0,87.0,54.0,61.0,33.0,81.0,59.0,37.0,49.0,40.0
350,2017-12-17,56.0,83.0,50.0,65.0,51.0,78.0,65.0,28.0,53.0,49.0
351,2017-12-18,73.0,77.0,64.0,69.0,70.0,52.0,46.0,46.0,54.0,65.0
352,2017-12-19,60.0,68.0,54.0,58.0,64.0,75.0,52.0,34.0,47.0,60.0
353,2017-12-20,75.0,91.0,40.0,54.0,39.0,73.0,64.0,33.0,40.0,47.0
354,2017-12-21,54.0,66.0,58.0,57.0,35.0,70.0,65.0,32.0,47.0,46.0
355,2017-12-22,50.0,82.0,55.0,43.0,42.0,78.0,65.0,22.0,47.0,37.0
356,2017-12-23,57.0,75.0,50.0,52.0,40.0,65.0,67.0,28.0,50.0,44.0
357,2017-12-24,58.0,78.0,47.0,57.0,55.0,74.0,66.0,31.0,55.0,47.0
358,2017-12-25,65.0,78.0,54.0,52.0,47.0,72.0,59.0,32.0,36.0,34.0
359,2017-12-26,57.0,78.0,51.0,45.0,41.0,61.0,68.0,38.0,53.0,49.0
360,2017-12-27,66.0,86.0,52.0,60.0,54.0,76.0,57.0,27.0,60.0,52.0
361,2017-12-28,61.0,75.0,43.0,51.0,45.0,75.0,71.0,18.0,41.0,45.0
362,2017-12-29,51.0,80.0,48.0,54.0,59.0,86.0,57.0,34.0,50.0,50.0
363,2017-12-30,50.0,62.0,49.0,58.0,38.0,81.0,49.0,23.0,59.0,45.0
364,2017-12-31,62.0,59.0,77.0,77.0,77.0,34.0,37.0,27.0,53.0,60.0
365,2018-01-01,61.0,78.0,39.0,61.0,57.0,76.0,68.0,27.0,33.0,42.0
366,2018-01-02,62.0,71.0,52.0,44.0,39.0,72.0,80.0,42.0,47.0,42.0
367,2018-01-03,54.0,74.0,52.0,59.0,41.0,70.0,55.0,38.0,46.0,51.0
368,2018-01-04,81.0,70.0,54.0,46.0,34.0,79.0,67.0,25.0,36.0,48.0
369,2018-01-05,64.0,86.0,51.0,44.0,44.0,70.0,63.0,28.0,46.0,30.0
370,2018-01-06,75.0,80.0,52.0,54.0,52.0,74.0,54.0,31.0,43.0,51.0
371,2018-01-07,70.0,72.0,46.0,62.0,38.0,73.0,55.0,38.0,39.0,46.0
372,2018-01-08,63.0,78.0,57.0,65.0,46.0,64.0,52.0,41.0,37.0,42.0
373,2018-01-09,73.0,67.0,44.0,59.0,39.0,69.0,63.0,27.0,52.0,50.0
374,2018-01-10,57.0,80.0,45.0,66.0,49.0,82.0,56.0,38.0,34.0,53.0
375,2018-01-11,62.0,78.0,52.0,53.0,36.0,66.0,58.0,39.0,43.0,60.0
376,2018-01-12,69.0,83.0,55.0,45.0,37.0,77.0,55.0,19.0,54.0,31.0
377,2018-01-13,65.0,75.0,54.0,52.0,47.0,82.0,67.0,54.0,53.0,55.0
378,2018-01-14,58.0,65.0,65.0,89.0,79.0,56.0,39.0,32.0,62.0,67.0
379,2018-01-15,64.0,76.0,49.0,72.0,47.0,71.0,65.0,39.0,45.0,47.0
380,2018-01-16,60.0,78.0,34.0,54.0,49.0,89.0,51.0,19.0,52.0,40.0
381,2018-01-17,74.0,65.0,57.0,55.0,42.0,70.0,55.0,37.0,47.0,47.0
382,2018-01-18,68.0,75.0,47.0,58.0,51.0,65.0,63.0,32.0,48.0,37.0
383,2018-01-19,63.0,69.0,36.0,61.0,45.0,77.0,47.0,45.0,39.0,48.0
384,2018-01-20,64.0,84.0,55.0,53.0,34.0,76.0,66.0,41.0,36.0,46.0
385,2018-01-21,59.0,86.0,67.0,68.0,72.0,62.0,39.0,51.0,53.0,70.0
386,2018-01-22,66.0,72.0,69.0,86.0,66.0,49.0,29.0,45.0,60.0,63.0
387,2018-01-23,59.0,68.0,40.0,51.0,49.0,74.0,55.0,25.0,41.0,45.0
388,2018-01-24,67.0,80.0,40.0,50.0,64.0,68.0,55.0,39.0,61.0,48.0
389,2018-01-25,69.0,77.0,48.0,61.0,53.0,63.0,59.0,23.0,47.0,44.0
390,2018-01-26,59.0,70.0,76.0,68.0,69.0,52.0,45.0,42.0,61.0,58.0
391,2018-01-27,62.0,77.0,46.0,46.0,52.0,69.0,61.0,36.0,42.0,48.0
392,2018-01-28,57.0,83.0,52.0,52.0,53.0,75.0,65.0,36.0,55.0,45.0
393,2018-01-29,67.0,77.0,50.0,64.0,50.0,80.0,53.0,32.0,47.0,48.0
394,2018-01-30,69.0,73.0,57.0,42.0,38.0,68.0,55.0,39.0,42.0,54.0
395,2018-01-31,62.0,80.0,45.0,53.0,34.0,73.0,74.0,31.0,47.0,43.0
396,2018-02-01,61.0,86.0,49.0,47.0,59.0,65.0,45.0,32.0,49.0,54.0
397,2018-02-02,73.0,72.0,52.0,50.0,42.0,80.0,45.0,35.0,52.0,38.0
398,2018-02-03,66.0,73.0,52.0,53.0,41.0,72.0,58.0,36.0,42.0,47.0
399,2018-02-04,49.0,75.0,74.0,75.0,84.0,41.0,32.0,32.0,60.0,72.0
400,2018-02-05,63.0,77.0,32.0,57.0,30.0,70.0,59.0,32.0,54.0,38.0
401,2018-02-06,57.0,71.0,53.0,61.0,41.0,76.0,59.0,24.0,51.0,44.0
402,2018-02-07,68.0,73.0,48.0,54.0,38.0,75.0,58.0,31.0,53.0,55.0
403,2018-02-08,65.0,83.0,44.0,60.0,39.0,64.0,53.0,22.0,37.0,40.0
404,2018-02-09,61.0,67.0,43.0,51.0,42.0,68.0,54.0,29.0,42.0,46.0
405,2018-02-10,43.0,75.0,69.0,83.0,72.0,30.0,45.0,47.0,45.0,66.0
406,2018-02-11,57.0,76.0,50.0,52.0,40.0,77.0,56.0,42.0,43.0,51.0
407,2018-02-12,71.0,72.0,49.0,48.0,44.0,66.0,59.0,34.0,53.0,41.0
408,2018-02-13,68.0,76.0,31.0,48.0,39.0,78.0,55.0,33.0,56.0,37.0
409,2018-02-14,63.0,84.0,49.0,46.0,43.0,81.0,64.0,33.0,40.0,61.0
410,2018-02-15,67.0,77.0,53.0,67.0,43.0,67.0,58.0,37.0,34.0,49.0
411,2018-02-16,72.0,77.0,50.0,53.0,43.0,63.0,47.0,34.0,52.0,55.0
412,2018-02-17,78.0,67.0,36.0,49.0,37.0,79.0,66.0,26.0,49.0,33.0
413,2018-02-18,66.0,76.0,40.0,39.0,32.0,70.0,66.0,35.0,46.0,43.0
414,2018-02-19,64.0,83.0,48.0,42.0,60.0,75.0,54.0,19.0,44.0,50.0
415,2018-02-20,76.0,73.0,55.0,48.0,32.0,65.0,66.0,29.0,45.0,48.0
416,2018-02-21,59.0,86.0,55.0,50.0,48.0,67.0,51.0,35.0,36.0,38.0
417,2018-02-22,71.0,78.0,47.0,47.0,40.0,81.0,66.0,30.0,41.0,38.0
418,2018-02-23,60.0,80.0,41.0,56.0,51.0,81.0,78.0,18.0,39.0,53.0
419,2018-02-24,49.0,67.0,61.0,85.0,70.0,36.0,42.0,36.0,66.0,78.0
420,2018-02-25,55.0,58.0,47.0,46.0,36.0,74.0,65.0,30.0,58.0,46.0
421,2018-02-26,74.0,72.0,55.0,45.0,49.0,65.0,74.0,35.0,47.0,42.0
422,2018-02-27,66.0,73.0,46.0,45.0,43.0,72.0,74.0,21.0,39.0,51.0
423,2018-02-28,48.0,77.0,49.0,48.0,48.0,71.0,52.0,23.0,57.0,39.0
424,2018-03-01,70.0,93.0,57.0,54.0,36.0,73.0,66.0,39.0,36.0,50.0
425,2018-03-02,62.0,79.0,59.0,32.0,45.0,77.0,58.0,34.0,49.0,42.0
426,2018-03-03,54.0,75.0,64.0,72.0,75.0,42.0,34.0,31.0,72.0,70.0
427,2018-03-04,74.0,71.0,43.0,55.0,45.0,73.0,68.0,23.0,42.0,51.0
428,2018-03-05,54.0,80.0,51.0,45.0,38.0,78.0,54.0,24.0,64.0,46.0
429,2018-03-06,66.0,78.0,47.0,55.0,49.0,62.0,55.0,38.0,44.0,47.0
430,2018-03-07,63.0,77.0,44.0,58.0,56.0,79.0,47.0,33.0,49.0,50.0
431,2018-03-08,67.0,69.0,53.0,47.0,46.0,82.0,65.0,30.0,49.0,40.0
432,2018-03-09,68.0,64.0,68.0,84.0,81.0,45.0,28.0,48.0,74.0,70.0
433,2018-03-10,65.0,90.0,37.0,46.0,46.0,73.0,70.0,37.0,51.0,44.0
434,2018-03-11,66.0,73.0,53.0,51.0,54.0,77.0,66.0,38.0,35.0,48.0
435,2018-03-12,52.0,74.0,55.0,52.0,47.0,64.0,67.0,31.0,51.0,42.0
436,2018-03-13,57.0,73.0,49.0,53.0,49.0,77.0,68.0,25.0,34.0,43.0
437,2018-03-14,56.0,68.0,73.0,68.0,58.0,52.0,39.0,49.0,62.0,64.0
438,2018-03-15,58.0,79.0,53.0,53.0,33.0,73.0,62.0,29.0,44.0,43.0
439,2018-03-16,64.0,81.0,48.0,61.0,43.0,72.0,55.0,31.0,46.0,48.0
440,2018-03-17,62.0,78.0,43.0,69.0,42.0,64.0,61.0,39.0,50.0,52.0
441,2018-03-18,63.0,77.0,50.0,61.0,41.0,77.0,66.0,28.0,60.0,41.0
442,2018-03-19,50.0,73.0,43.0,51.0,44.0,75.0,51.0,23.0,50.0,42.0
443,2018-03-20,65.0,80.0,53.0,42.0,49.0,68.0,68.0,24.0,45.0,35.0
444,2018-03-21,66.0,66.0,54.0,40.0,40.0,66.0,80.0,33.0,46.0,44.0
445,2018-03-22,67.0,80.0,51.0,46.0,54.0,80.0,58.0,49.0,40.0,37.0
446,2018-03-23,60.0,69.0,45.0,61.0,44.0,75.0,63.0,32.0,47.0,45.0
447,2018-03-24,56.0,89.0,49.0,46.0,43.0,64.0,72.0,24.0,53.0,50.0
448,2018-03-25,59.0,73.0,61.0,56.0,38.0,82.0,64.0,30.0,42.0,58.0
449,2018-03-26,56.0,72.0,48.0,68.0,38.0,63.0,55.0,39.0,44.0,51.0
450,2018-03-27,73.0,73.0,42.0,35.0,43.0,60.0,71.0,44.0,35.0,52.0
451,2018-03-28,69.0,92.0,45.0,67.0,45.0,77.0,69.0,30.0,49.0,48.0
452,2018-03-29,59.0,69.0,45.0,54.0,60.0,75.0,61.0,31.0,35.0,44.0
453,2018-03-30,58.0,83.0,50.0,58.0,35.0,80.0,64.0,33.0,43.0,47.0
454,2018-03-31,44.0,74.0,69.0,85.0,72.0,50.0,55.0,42.0,64.0,57.0
455,2018-04-01,62.0,84.0,53.0,45.0,48.0,82.0,54.0,31.0,45.0,51.0
456,2018-04-02,69.0,78.0,64.0,45.0,35.0,56.0,74.0,37.0,49.0,50.0
457,2018-04-03,62.0,94.0,53.0,54.0,40.0,80.0,51.0,34.0,56.0,49.0
458,2018-04-04,43.0,76.0,60.0,78.0,83.0,42.0,32.0,39.0,78.0,72.0
459,2018-04-05,66.0,78.0,56.0,49.0,48.0,72.0,50.0,28.0,42.0,52.0
460,2018-04-06,70.0,91.0,33.0,43.0,34.0,65.0,65.0,42.0,56.0,30.0
461,2018-04-07,69.0,76.0,46.0,57.0,52.0,79.0,63.0,28.0,51.0,63.0
462,2018-04-08,69.0,84.0,51.0,48.0,37.0,68.0,65.0,35.0,39.0,50.0
463,2018-04-09,63.0,79.0,52.0,47.0,41.0,78.0,61.0,45.0,43.0,51.0
464,2018-04-10,67.0,82.0,44.0,54.0,51.0,75.0,63.0,31.0,33.0,41.0
465,2018-04-11,66.0,82.0,43.0,60.0,44.0,74.0,71.0,24.0,49.0,52.0
466,2018-04-12,56.0,69.0,34.0,54.0,42.0,87.0,58.0,39.0,46.0,39.0
467,2018-04-13,59.0,66.0,72.0,54.0,69.0,35.0,36.0,31.0,66.0,74.0
468,2018-04-14,50.0,70.0,72.0,91.0,82.0,44.0,34.0,44.0,71.0,68.0
469,2018-04-15,69.0,70.0,60.0,53.0,48.0,70.0,59.0,26.0,45.0,37.0
470,2018-04-16,65.0,67.0,49.0,45.0,55.0,73.0,61.0,31.0,42.0,40.0
471,2018-04-17,65.0,85.0,56.0,47.0,42.0,70.0,63.0,33.0,51.0,46.0
472,2018-04-18,65.0,72.0,51.0,52.0,49.0,64.0,55.0,26.0,52.0,51.0
473,2018-04-19,59.0,71.0,75.0,81.0,75.0,56.0,33.0,38.0,70.0,65.0
474,2018-04-20,69.0,71.0,60.0,55.0,34.0,74.0,65.0,34.0,46.0,54.0
475,2018-04-21,66.0,82.0,50.0,59.0,45.0,64.0,53.0,34.0,30.0,64.0
476,2018-04-22,53.0,74.0,54.0,44.0,56.0,81.0,59.0,29.0,41.0,44.0
477,2018-04-23,62.0,79.0,73.0,81.0,69.0,38.0,49.0,32.0,55.0,59.0
478,2018-04-24,53.0,82.0,52.0,52.0,41.0,73.0,64.0,36.0,48.0,44.0
479,2018-04-25,54.0,76.0,53.0,47.0,44.0,84.0,63.0,28.0,35.0,48.0
480,2018-04-26,74.0,76.0,45.0,58.0,43.0,75.0,65.0,31.0,38.0,46.0
481,2018-04-27,45.0,83.0,45.0,47.0,49.0,58.0,55.0,29.0,38.0,40.0
482,2018-04-28,60.0,69.0,54.0,56.0,45.0,77.0,74.0,27.0,42.0,47.0
483,2018-04-29,72.0,71.0,44.0,53.0,43.0,69.0,67.0,34.0,41.0,44.0
484,2018-04-30,71.0,87.0,40.0,53.0,43.0,82.0,79.0,40.0,51.0,43.0
485,2018-05-01,66.0,80.0,52.0,52.0,41.0,70.0,74.0,33.0,37.0,50.0
486,2018-05-02,72.0,77.0,58.0,44.0,45.0,72.0,70.0,18.0,51.0,41.0
487,2018-05-03,53.0,72.0,63.0,54.0,53.0,70.0,63.0,40.0,36.0,43.0
488,2018-05-04,59.0,75.0,53.0,45.0,54.0,78.0,69.0,47.0,38.0,44.0
489,2018-05-05,53.0,67.0,44.0,58.0,45.0,77.0,65.0,35.0,42.0,53.0
490,2018-05-06,76.0,80.0,35.0,53.0,48.0,63.0,61.0,50.0,39.0,47.0
491,2018-05-07,59.0,83.0,35.0,52.0,44.0,66.0,70.0,40.0,42.0,45.0
492,2018-05-08,52.0,62.0,69.0,89.0,72.0,30.0,44.0,41.0,65.0,67.0
493,2018-05-09,60.0,70.0,51.0,54.0,41.0,66.0,64.0,29.0,57.0,30.0
494,2018-05-10,57.0,62.0,80.0,74.0,76.0,48.0,40.0,33.0,66.0,60.0
495,2018-05-11,56.0,73.0,54.0,55.0,44.0,73.0,60.0,31.0,34.0,37.0
496,2018-05-12,58.0,81.0,54.0,49.0,48.0,73.0,57.0,42.0,42.0,49.0
497,2018-05-13,50.0,85.0,70.0,84.0,75.0,44.0,39.0,34.0,75.0,65.0
498,2018-05-14,58.0,78.0,48.0,51.0,48.0,69.0,61.0,45.0,52.0,45.0
499,2018-05-15,68.0,84.0,36.0,59.0,41.0,62.0,65.0,28.0,47.0,50.0
500,2018-05-16,70.0,84.0,45.0,55.0,43.0,75.0,52.0,37.0,57.0,48.0
501,2018-05-17,47.0,73.0,71.0,72.0,67.0,34.0,44.0,45.0,61.0,48.0
502,2018-05-18,63.0,69.0,55.0,59.0,52.0,71.0,56.0,25.0,50.0,37.0
503,2018-05-19,65.0,73.0,48.0,49.0,51.0,75.0,62.0,25.0,48.0,43.0
504,2018-05-20,51.0,78.0,51.0,54.0,33.0,70.0,65.0,27.0,38.0,44.0
505,2018-05-21,51.0,69.0,50.0,39.0,44.0,80.0,51.0,16.0,44.0,48.0
506,2018-05-22,67.0,80.0,52.0,49.0,51.0,65.0,72.0,30.0,47.0,34.0
507,2018-05-23,65.0,83.0,48.0,47.0,49.0,75.0,56.0,25.0,40.0,58.0
508,2018-05-24,83.0,69.0,52.0,47.0,57.0,68.0,53.0,34.0,49.0,38.0
509,2018-05-25,44.0,72.0,78.0,75.0,81.0,46.0,28.0,32.0,73.0,76.0
510,2018-05-26,68.0,70.0,49.0,53.0,38.0,84.0,69.0,34.0,42.0,51.0
511,2018-05-27,60.0,66.0,45.0,66.0,42.0,83.0,74.0,20.0,39.0,47.0
512,2018-05-28,52.0,75.0,50.0,42.0,41.0,82.0,65.0,29.0,33.0,45.0
513,2018-05-29,68.0,73.0,56.0,54.0,32.0,62.0,54.0,39.0,46.0,47.0
514,2018-05-30,71.0,69.0,54.0,57.0,47.0,71.0,57.0,45.0,38.0,43.0
515,2018-05-31,59.0,75.0,53.0,60.0,44.0,83.0,63.0,30.0,46.0,37.0
516,2018-06-01,60.0,67.0,71.0,93.0,79.0,52.0,31.0,42.0,58.0,64.0
517,2018-06-02,64.0,51.0,61.0,53.0,49.0,66.0,57.0,42.0,41.0,51.0
518,2018-06-03,59.0,69.0,54.0,89.0,72.0,39.0,35.0,33.0,60.0,72.0
519,2018-06-04,51.0,85.0,46.0,61.0,45.0,72.0,71.0,39.0,49.0,38.0
520,2018-06-05,55.0,81.0,49.0,50.0,64.0,69.0,60.0,31.0,50.0,33.0
521,2018-06-06,64.0,82.0,47.0,65.0,56.0,65.0,54.0,29.0,39.0,42.0
522,2018-06-07,60.0,78.0,69.0,75.0,80.0,53.0,51.0,40.0,68.0,67.0
523,2018-06-08,55.0,69.0,62.0,80.0,71.0,45.0,44.0,32.0,63.0,77.0
524,2018-06-09,63.0,72.0,50.0,48.0,35.0,68.0,57.0,39.0,49.0,40.0
525,2018-06-10,72.0,69.0,45.0,43.0,47.0,75.0,53.0,38.0,33.0,54.0
526,2018-06-11,61.0,74.0,53.0,48.0,49.0,73.0,56.0,20.0,42.0,36.0
527,2018-06-12,63.0,78.0,43.0,54.0,53.0,76.0,62.0,37.0,50.0,45.0
528,2018-06-13,66.0,75.0,56.0,53.0,41.0,74.0,57.0,32.0,42.0,46.0
529,2018-06-14,71.0,81.0,34.0,58.0,35.0,64.0,62.0,35.0,52.0,41.0
530,2018-06-15,81.0,71.0,47.0,64.0,33.0,81.0,57.0,34.0,35.0,43.0
531,2018-06-16,55.0,81.0,46.0,58.0,39.0,73.0,56.0,34.0,42.0,45.0
532,2018-06-17,76.0,77.0,58.0,58.0,53.0,72.0,69.0,25.0,47.0,49.0
533,2018-06-18,51.0,86.0,27.0,44.0,46.0,74.0,52.0,35.0,46.0,35.0
534,2018-06-19,64.0,83.0,58.0,58.0,47.0,84.0,66.0,43.0,44.0,48.0
535,2018-06-20,65.0,71.0,49.0,52.0,41.0,89.0,66.0,40.0,37.0,45.0
536,2018-06-21,60.0,79.0,45.0,49.0,40.0,74.0,62.0,32.0,44.0,33.0
537,2018-06-22,70.0,82.0,56.0,58.0,54.0,65.0,63.0,38.0,48.0,51.0
538,2018-06-23,64.0,82.0,48.0,55.0,59.0,66.0,53.0,41.0,40.0,43.0
539,2018-06-24,57.0,55.0,70.0,83.0,83.0,61.0,38.0,40.0,62.0,58.0
540,2018-06-25,51.0,63.0,36.0,62.0,51.0,73.0,71.0,31.0,52.0,49.0
541,2018-06-26,48.0,81.0,76.0,60.0,86.0,45.0,35.0,43.0,56.0,62.0
542,2018-06-27,62.0,75.0,44.0,45.0,38.0,75.0,68.0,24.0,45.0,47.0
543,2018-06-28,63.0,72.0,41.0,55.0,51.0,92.0,75.0,29.0,27.0,35.0
544,2018-06-29,59.0,78.0,61.0,49.0,45.0,67.0,75.0,33.0,53.0,37.0
545,2018-06-30,55.0,85.0,54.0,60.0,34.0,67.0,64.0,50.0,40.0,46.0
546,2018-07-01,62.0,74.0,50.0,56.0,47.0,80.0,65.0,34.0,39.0,50.0
547,2018-07-02,58.0,74.0,44.0,57.0,56.0,72.0,54.0,30.0,50.0,38.0
548,2018-07-03,57.0,78.0,44.0,56.0,43.0,73.0,50.0,39.0,51.0,51.0
549,2018-07-04,65.0,95.0,52.0,47.0,51.0,67.0,56.0,32.0,42.0,38.0
550,2018-07-05,61.0,71.0,38.0,52.0,39.0,81.0,65.0,19.0,40.0,41.0
551,2018-07-06,48.0,74.0,42.0,51.0,58.0,84.0,53.0,40.0,36.0,57.0
552,2018-07-07,54.0,69.0,57.0,85.0,73.0,39.0,39.0,36.0,70.0,68.0
553,2018-07-08,67.0,87.0,78.0,74.0,61.0,44.0,52.0,41.0,54.0,57.0
554,2018-07-09,62.0,66.0,45.0,52.0,42.0,64.0,56.0,29.0,42.0,35.0
555,2018-07-10,60.0,71.0,63.0,69.0,71.0,62.0,43.0,45.0,67.0,65.0
556,2018-07-11,74.0,85.0,45.0,54.0,45.0,66.0,62.0,35.0,28.0,47.0
557,2018-07-12,47.0,76.0,41.0,52.0,50.0,48.0,58.0,38.0,50.0,50.0
558,2018-07-13,69.0,65.0,53.0,44.0,39.0,68.0,53.0,28.0,43.0,54.0
559,2018-07-14,74.0,70.0,55.0,53.0,50.0,54.0,44.0,40.0,48.0,45.0
560,2018-07-15,68.0,72.0,49.0,51.0,40.0,74.0,50.0,32.0,43.0,42.0
561,2018-07-16,53.0,85.0,50.0,51.0,57.0,86.0,64.0,26.0,45.0,47.0
562,2018-07-17,52.0,79.0,34.0,50.0,37.0,77.0,61.0,33.0,56.0,43.0
563,2018-07-18,67.0,71.0,36.0,50.0,42.0,79.0,64.0,36.0,52.0,59.0
564,2018-07-19,59.0,78.0,59.0,56.0,49.0,67.0,74.0,30.0,42.0,35.0
565,2018-07-20,72.0,85.0,69.0,81.0,78.0,45.0,43.0,29.0,57.0,60.0
566,2018-07-21,74.0,74.0,52.0,72.0,42.0,77.0,71.0,25.0,41.0,42.0
567,2018-07-22,75.0,85.0,48.0,50.0,38.0,80.0,61.0,36.0,42.0,50.0
568,2018-07-23,72.0,75.0,47.0,56.0,30.0,74.0,75.0,26.0,35.0,52.0
569,2018-07-24,68.0,72.0,39.0,33.0,53.0,67.0,64.0,26.0,47.0,49.0
570,2018-07-25,63.0,73.0,49.0,59.0,43.0,43.0,46.0,39.0,41.0,52.0
571,2018-07-26,77.0,83.0,45.0,50.0,53.0,69.0,67.0,29.0,46.0,50.0
572,2018-07-27,67.0,88.0,52.0,50.0,51.0,87.0,60.0,27.0,47.0,51.0
573,2018-07-28,63.0,83.0,42.0,43.0,53.0,62.0,57.0,33.0,45.0,46.0
574,2018-07-29,62.0,67.0,61.0,60.0,39.0,71.0,61.0,39.0,53.0,41.0
575,2018-07-30,64.0,82.0,44.0,55.0,52.0,70.0,61.0,32.0,47.0,34.0
576,2018-07-31,65.0,73.0,45.0,58.0,37.0,71.0,63.0,36.0,43.0,52.0
577,2018-08-01,56.0,68.0,54.0,51.0,54.0,68.0,63.0,30.0,43.0,47.0
578,2018-08-02,55.0,69.0,45.0,60.0,39.0,72.0,60.0,31.0,30.0,55.0
579,2018-08-03,61.0,81.0,52.0,56.0,47.0,73.0,72.0,43.0,32.0,52.0
580,2018-08-04,66.0,82.0,42.0,60.0,52.0,73.0,63.0,30.0,51.0,53.0
581,2018-08-05,60.0,79.0,58.0,61.0,53.0,78.0,49.0,23.0,46.0,38.0
582,2018-08-06,50.0,68.0,80.0,78.0,71.0,43.0,30.0,38.0,51.0,71.0
583,2018-08-07,55.0,66.0,37.0,45.0,40.0,71.0,69.0,35.0,41.0,44.0
584,2018-08-08,65.0,72.0,69.0,75.0,78.0,41.0,39.0,26.0,59.0,57.0
585,2018-08-09,58.0,81.0,59.0,60.0,39.0,71.0,62.0,37.0,44.0,55.0
586,2018-08-10,58.0,66.0,40.0,47.0,43.0,73.0,68.0,10.0,53.0,26.0
587,2018-08-11,72.0,87.0,53.0,58.0,40.0,67.0,59.0,22.0,36.0,37.0
588,2018-08-12,69.0,81.0,56.0,51.0,41.0,82.0,54.0,47.0,40.0,50.0
589,2018-08-13,57.0,64.0,45.0,70.0,48.0,82.0,73.0,21.0,33.0,40.0
590,2018-08-14,67.0,65.0,52.0,55.0,51.0,74.0,59.0,29.0,34.0,49.0
591,2018-08-15,69.0,73.0,43.0,57.0,50.0,70.0,56.0,39.0,44.0,61.0
592,2018-08-16,64.0,80.0,41.0,58.0,40.0,62.0,52.0,20.0,40.0,54.0
593,2018-08-17,71.0,72.0,53.0,46.0,46.0,72.0,57.0,35.0,35.0,48.0
594,2018-08-18,64.0,83.0,48.0,47.0,47.0,73.0,60.0,32.0,49.0,46.0
595,2018-08-19,57.0,69.0,42.0,53.0,47.0,79.0,61.0,25.0,41.0,44.0
596,2018-08-20,52.0,70.0,64.0,65.0,40.0,72.0,54.0,41.0,50.0,40.0
597,2018-08-21,64.0,79.0,53.0,59.0,47.0,67.0,62.0,26.0,40.0,47.0
598,2018-08-22,63.0,74.0,59.0,49.0,45.0,78.0,64.0,39.0,40.0,47.0
599,2018-08-23,64.0,75.0,57.0,54.0,63.0,80.0,52.0,23.0,53.0,47.0
600,2018-08-24,65.0,74.0,49.0,54.0,49.0,66.0,55.0,30.0,39.0,34.0
601,2018-08-25,65.0,72.0,48.0,53.0,43.0,67.0,67.0,41.0,34.0,47.0
602,2018-08-26,59.0,70.0,55.0,50.0,45.0,78.0,58.0,41.0,40.0,50.0
603,2018-08-27,55.0,74.0,76.0,81.0,80.0,52.0,52.0,51.0,66.0,73.0
604,2018-08-28,62.0,77.0,70.0,81.0,62.0,48.0,34.0,29.0,62.0,60.0
605,2018-08-29,59.0,94.0,39.0,49.0,42.0,72.0,65.0,25.0,40.0,41.0
606,2018-08-30,70.0,68.0,52.0,54.0,36.0,70.0,71.0,36.0,47.0,53.0
607,2018-08-31,72.0,67.0,39.0,50.0,38.0,69.0,59.0,25.0,48.0,48.0
608,2018-09-01,66.0,88.0,55.0,53.0,52.0,76.0,63.0,31.0,45.0,54.0
609,2018-09-02,51.0,78.0,78.0,71.0,70.0,46.0,39.0,36.0,67.0,80.0
610,2018-09-03,63.0,79.0,47.0,52.0,43.0,71.0,60.0,49.0,46.0,40.0
611,2018-09-04,49.0,77.0,43.0,49.0,49.0,73.0,51.0,35.0,49.0,48.0
612,2018-09-05,54.0,86.0,57.0,63.0,48.0,72.0,50.0,33.0,45.0,42.0
613,2018-09-06,69.0,93.0,43.0,55.0,43.0,83.0,67.0,30.0,35.0,47.0
614,2018-09-07,65.0,67.0,59.0,44.0,48.0,75.0,62.0,15.0,49.0,39.0
615,2018-09-08,63.0,85.0,43.0,51.0,40.0,78.0,65.0,32.0,41.0,38.0
616,2018-09-09,65.0,69.0,54.0,49.0,46.0,74.0,67.0,42.0,63.0,54.0
617,2018-09-10,57.0,75.0,37.0,55.0,29.0,65.0,55.0,27.0,53.0,48.0
618,2018-09-11,60.0,65.0,59.0,91.0,82.0,43.0,43.0,43.0,51.0,65.0
619,2018-09-12,50.0,76.0,50.0,50.0,43.0,71.0,57.0,31.0,33.0,49.0
620,2018-09-13,65.0,72.0,72.0,79.0,77.0,36.0,37.0,46.0,64.0,71.0
621,2018-09-14,53.0,71.0,45.0,58.0,52.0,70.0,49.0,38.0,46.0,44.0
622,2018-09-15,64.0,79.0,61.0,51.0,45.0,68.0,54.0,19.0,49.0,52.0
623,2018-09-16,57.0,83.0,51.0,50.0,51.0,81.0,65.0,21.0,58.0,33.0
624,2018-09-17,69.0,77.0,45.0,61.0,40.0,78.0,57.0,28.0,52.0,53.0
625,2018-09-18,58.0,82.0,47.0,51.0,45.0,69.0,65.0,34.0,49.0,42.0
626,2018-09-19,61.0,83.0,35.0,61.0,42.0,70.0,57.0,40.0,40.0,45.0
627,2018-09-20,67.0,74.0,56.0,61.0,36.0,63.0,61.0,30.0,29.0,38.0
628,2018-09-21,46.0,67.0,85.0,80.0,70.0,46.0,35.0,37.0,57.0,60.0
629,2018-09-22,58.0,75.0,55.0,56.0,54.0,69.0,68.0,31.0,49.0,43.0
630,2018-09-23,71.0,73.0,50.0,50.0,38.0,79.0,60.0,38.0,42.0,53.0
631,2018-09-24,59.0,67.0,77.0,88.0,82.0,41.0,44.0,47.0,55.0,73.0
632,2018-09-25,67.0,85.0,45.0,49.0,53.0,79.0,56.0,38.0,42.0,31.0
633,2018-09-26,74.0,83.0,52.0,53.0,37.0,81.0,55.0,25.0,44.0,39.0
634,2018-09-27,68.0,86.0,34.0,40.0,56.0,78.0,73.0,31.0,42.0,49.0
635,2018-09-28,60.0,70.0,58.0,54.0,41.0,73.0,57.0,41.0,41.0,35.0
636,2018-09-29,65.0,82.0,46.0,54.0,37.0,60.0,61.0,23.0,47.0,48.0
637,2018-09-30,53.0,73.0,84.0,94.0,69.0,48.0,33.0,33.0,56.0,67.0
638,2018-10-01,61.0,57.0,51.0,54.0,37.0,64.0,72.0,20.0,54.0,49.0
639,2018-10-02,79.0,81.0,50.0,41.0,46.0,78.0,60.0,42.0,51.0,56.0
640,2018-10-03,68.0,75.0,49.0,45.0,46.0,81.0,66.0,30.0,40.0,51.0
641,2018-10-04,71.0,88.0,48.0,64.0,40.0,75.0,57.0,40.0,43.0,46.0
642,2018-10-05,63.0,73.0,56.0,70.0,45.0,68.0,49.0,29.0,55.0,45.0
643,2018-10-06,61.0,92.0,50.0,53.0,45.0,68.0,66.0,25.0,30.0,40.0
644,2018-10-07,72.0,81.0,50.0,50.0,46.0,69.0,54.0,34.0,59.0,42.0
645,2018-10-08,69.0,83.0,44.0,51.0,54.0,66.0,68.0,29.0,39.0,39.0
646,2018-10-09,65.0,80.0,48.0,51.0,41.0,60.0,59.0,36.0,56.0,61.0
647,2018-10-10,58.0,80.0,48.0,39.0,50.0,74.0,65.0,28.0,54.0,45.0
648,2018-10-11,62.0,75.0,40.0,51.0,42.0,88.0,60.0,33.0,42.0,37.0
649,2018-10-12,62.0,71.0,53.0,53.0,35.0,70.0,58.0,30.0,50.0,48.0
650,2018-10-13,65.0,71.0,47.0,50.0,55.0,77.0,65.0,34.0,40.0,42.0
651,2018-10-14,61.0,78.0,48.0,43.0,50.0,74.0,61.0,31.0,41.0,43.0
652,2018-10-15,63.0,80.0,54.0,60.0,34.0,76.0,63.0,45.0,45.0,46.0
653,2018-10-16,65.0,67.0,54.0,50.0,48.0,75.0,61.0,27.0,41.0,44.0
654,2018-10-17,60.0,84.0,53.0,52.0,50.0,76.0,61.0,34.0,42.0,60.0
655,2018-10-18,66.0,70.0,41.0,60.0,52.0,71.0,56.0,27.0,47.0,27.0
656,2018-10-19,50.0,73.0,56.0,48.0,48.0,67.0,61.0,34.0,33.0,47.0
657,2018-10-20,62.0,79.0,43.0,46.0,48.0,82.0,58.0,24.0,44.0,42.0
658,2018-10-21,72.0,60.0,54.0,45.0,56.0,64.0,67.0,29.0,52.0,58.0
659,2018-10-22,52.0,67.0,71.0,91.0,86.0,47.0,34.0,41.0,60.0,71.0
660,2018-10-23,61.0,78.0,53.0,49.0,40.0,70.0,61.0,37.0,45.0,45.0
661,2018-10-24,64.0,65.0,65.0,82.0,68.0,57.0,37.0,36.0,49.0,59.0
662,2018-10-25,61.0,66.0,68.0,79.0,83.0,43.0,31.0,33.0,63.0,69.0
663,2018-10-26,66.0,83.0,66.0,72.0,80.0,42.0,47.0,42.0,51.0,66.0
664,2018-10-27,67.0,82.0,36.0,68.0,51.0,76.0,49.0,22.0,46.0,51.0
665,2018-10-28,65.0,59.0,48.0,44.0,43.0,82.0,61.0,38.0,31.0,41.0
666,2018-10-29,68.0,78.0,53.0,51.0,45.0,73.0,64.0,38.0,50.0,50.0
667,2018-10-30,53.0,80.0,50.0,62.0,37.0,70.0,66.0,36.0,48.0,41.0
668,2018-10-31,62.0,71.0,46.0,46.0,47.0,71.0,76.0,34.0,42.0,33.0
669,2018-11-01,66.0,90.0,51.0,48.0,35.0,73.0,71.0,33.0,43.0,44.0
670,2018-11-02,56.0,60.0,52.0,46.0,35.0,71.0,62.0,39.0,54.0,47.0
671,2018-11-03,66.0,76.0,62.0,58.0,44.0,70.0,60.0,27.0,45.0,44.0
672,2018-11-04,70.0,73.0,51.0,60.0,38.0,77.0,84.0,39.0,53.0,49.0
673,2018-11-05,61.0,68.0,52.0,44.0,51.0,61.0,66.0,27.0,56.0,40.0
674,2018-11-06,67.0,68.0,47.0,49.0,45.0,67.0,70.0,27.0,58.0,41.0
675,2018-11-07,60.0,72.0,53.0,47.0,47.0,75.0,60.0,20.0,42.0,39.0
676,2018-11-08,60.0,80.0,61.0,72.0,66.0,54.0,50.0,37.0,63.0,65.0
677,2018-11-09,67.0,71.0,68.0,81.0,68.0,44.0,36.0,25.0,73.0,67.0
678,2018-11-10,62.0,87.0,52.0,51.0,45.0,63.0,50.0,43.0,48.0,48.0
679,2018-11-11,56.0,70.0,61.0,76.0,65.0,62.0,36.0,47.0,67.0,59.0
680,2018-11-12,64.0,76.0,48.0,52.0,45.0,77.0,61.0,41.0,52.0,48.0
681,2018-11-13,62.0,73.0,46.0,59.0,39.0,65.0,57.0,44.0,50.0,55.0
682,2018-11-14,74.0,75.0,44.0,49.0,36.0,74.0,64.0,34.0,45.0,54.0
683,2018-11-15,68.0,78.0,51.0,54.0,30.0,76.0,55.0,39.0,37.0,52.0
684,2018-11-16,61.0,75.0,54.0,49.0,47.0,70.0,63.0,32.0,47.0,43.0
685,2018-11-17,58.0,79.0,63.0,75.0,75.0,43.0,60.0,34.0,55.0,69.0
686,2018-11-18,53.0,78.0,54.0,57.0,38.0,72.0,60.0,23.0,47.0,29.0
687,2018-11-19,64.0,84.0,54.0,48.0,37.0,71.0,57.0,29.0,40.0,46.0
688,2018-11-20,68.0,68.0,50.0,39.0,38.0,69.0,62.0,19.0,46.0,41.0
689,2018-11-21,48.0,65.0,65.0,75.0,76.0,43.0,36.0,38.0,62.0,61.0
690,2018-11-22,71.0,62.0,48.0,51.0,44.0,65.0,60.0,26.0,53.0,46.0
691,2018-11-23,62.0,75.0,49.0,47.0,41.0,76.0,65.0,33.0,49.0,55.0
692,2018-11-24,64.0,64.0,53.0,45.0,51.0,75.0,54.0,29.0,48.0,53.0
693,2018-11-25,56.0,85.0,55.0,60.0,36.0,80.0,57.0,31.0,33.0,39.0
694,2018-11-26,58.0,79.0,46.0,43.0,39.0,67.0,64.0,41.0,52.0,37.0
695,2018-11-27,56.0,93.0,64.0,52.0,60.0,64.0,65.0,32.0,49.0,42.0
696,2018-11-28,67.0,73.0,50.0,56.0,47.0,87.0,59.0,33.0,45.0,49.0
697,2018-11-29,62.0,75.0,47.0,41.0,56.0,97.0,69.0,38.0,49.0,47.0
698,2018-11-30,56.0,76.0,48.0,65.0,34.0,68.0,65.0,37.0,46.0,42.0
699,2018-12-01,53.0,71.0,41.0,54.0,39.0,74.0,62.0,21.0,47.0,39.0
700,2018-12-02,69.0,81.0,50.0,60.0,37.0,92.0,69.0,30.0,52.0,50.0
701,2018-12-03,66.0,63.0,54.0,57.0,45.0,73.0,57.0,41.0,46.0,49.0
702,2018-12-04,63.0,87.0,50.0,54.0,47.0,63.0,66.0,27.0,32.0,44.0
703,2018-12-05,60.0,71.0,48.0,52.0,41.0,74.0,60.0,33.0,40.0,43.0
704,2018-12-06,63.0,64.0,52.0,49.0,39.0,69.0,52.0,24.0,41.0,45.0
705,2018-12-07,57.0,77.0,65.0,79.0,65.0,34.0,37.0,55.0,62.0,66.0
706,2018-12-08,49.0,64.0,77.0,72.0,77.0,61.0,37.0,43.0,62.0,69.0
707,2018-12-09,64.0,85.0,50.0,57.0,54.0,72.0,61.0,33.0,45.0,41.0
708,2018-12-10,57.0,69.0,55.0,55.0,42.0,75.0,78.0,27.0,39.0,43.0
709,2018-12-11,58.0,72.0,45.0,61.0,53.0,68.0,61.0,20.0,40.0,40.0
710,2018-12-12,61.0,83.0,47.0,54.0,43.0,63.0,68.0,31.0,42.0,49.0
711,2018-12-13,50.0,78.0,52.0,74.0,73.0,50.0,44.0,36.0,47.0,67.0
712,2018-12-14,61.0,92.0,51.0,56.0,49.0,84.0,46.0,46.0,54.0,46.0
713,2018-12-15,50.0,74.0,75.0,77.0,60.0,44.0,41.0,31.0,56.0,63.0
714,2018-12-16,67.0,80.0,50.0,51.0,42.0,68.0,68.0,39.0,39.0,32.0
715,2018-12-17,62.0,76.0,41.0,55.0,43.0,73.0,73.0,33.0,46.0,41.0
716,2018-12-18,72.0,57.0,47.0,54.0,42.0,77.0,67.0,37.0,32.0,50.0
717,2018-12-19,84.0,69.0,48.0,56.0,40.0,66.0,67.0,32.0,37.0,43.0
718,2018-12-20,72.0,75.0,78.0,86.0,64.0,50.0,47.0,45.0,56.0,54.0
719,2018-12-21,53.0,80.0,69.0,81.0,80.0,44.0,46.0,41.0,54.0,79.0
720,2018-12-22,72.0,80.0,31.0,46.0,35.0,77.0,60.0,46.0,40.0,71.0
721,2018-12-23,55.0,68.0,49.0,52.0,39.0,74.0,73.0,38.0,52.0,58.0
722,2018-12-24,52.0,71.0,75.0,87.0,46.0,42.0,47.0,39.0,63.0,61.0
723,2018-12-25,66.0,78.0,52.0,45.0,40.0,72.0,60.0,42.0,41.0,52.0
724,2018-12-26,75.0,75.0,67.0,59.0,45.0,72.0,64.0,36.0,42.0,43.0
725,2018-12-27,45.0,89.0,51.0,45.0,34.0,65.0,63.0,31.0,39.0,48.0
726,2018-12-28,64.0,80.0,54.0,54.0,43.0,83.0,61.0,33.0,52.0,57.0
727,2018-12-29,43.0,78.0,70.0,74.0,82.0,42.0,46.0,30.0,57.0,66.0
728,2018-12-30,65.0,73.0,65.0,84.0,80.0,45.0,46.0,38.0,62.0,55.0
729,2018-12-31,74.0,73.0,46.0,63.0,48.0,66.0,59.0,38.0,40.0,39.0
730,2019-01-01,62.0,66.0,31.0,59.0,43.0,73.0,52.0,31.0,48.0,51.0
731,2019-01-02,48.0,81.0,62.0,85.0,75.0,42.0,43.0,38.0,53.0,72.0
732,2019-01-03,71.0,67.0,55.0,47.0,33.0,70.0,50.0,34.0,42.0,43.0
733,2019-01-04,65.0,83.0,41.0,58.0,42.0,63.0,61.0,45.0,43.0,34.0
734,2019-01-05,57.0,68.0,49.0,53.0,44.0,71.0,66.0,11.0,47.0,38.0
735,2019-01-06,57.0,68.0,31.0,51.0,44.0,71.0,67.0,31.0,61.0,42.0
736,2019-01-07,60.0,63.0,74.0,92.0,64.0,44.0,42.0,57.0,66.0,67.0
737,2019-01-08,49.0,77.0,55.0,58.0,46.0,66.0,68.0,44.0,40.0,40.0
738,2019-01-09,65.0,75.0,43.0,43.0,47.0,75.0,69.0,40.0,36.0,55.0
739,2019-01-10,61.0,71.0,55.0,35.0,40.0,77.0,58.0,38.0,53.0,47.0
740,2019-01-11,58.0,78.0,54.0,50.0,43.0,65.0,64.0,30.0,47.0,52.0
741,2019-01-12,62.0,66.0,82.0,86.0,73.0,56.0,44.0,45.0,71.0,73.0
742,2019-01-13,61.0,97.0,55.0,60.0,52.0,84.0,68.0,25.0,40.0,41.0
743,2019-01-14,50.0,74.0,74.0,69.0,79.0,44.0,45.0,31.0,69.0,59.0
744,2019-01-15,72.0,72.0,36.0,64.0,40.0,77.0,60.0,30.0,31.0,49.0
745,2019-01-16,69.0,83.0,46.0,49.0,52.0,73.0,64.0,24.0,49.0,49.0
746,2019-01-17,47.0,82.0,42.0,48.0,45.0,63.0,57.0,18.0,42.0,34.0
747,2019-01-18,63.0,71.0,71.0,73.0,69.0,58.0,52.0,43.0,63.0,55.0
748,2019-01-19,56.0,72.0,44.0,47.0,51.0,71.0,61.0,39.0,44.0,45.0
749,2019-01-20,52.0,80.0,45.0,48.0,44.0,64.0,65.0,27.0,43.0,42.0
750,2019-01-21,65.0,78.0,33.0,39.0,43.0,80.0,63.0,34.0,46.0,52.0
751,2019-01-22,64.0,78.0,49.0,44.0,42.0,78.0,61.0,35.0,48.0,42.0
752,2019-01-23,61.0,76.0,39.0,60.0,29.0,68.0,72.0,31.0,48.0,54.0
753,2019-01-24,73.0,93.0,37.0,67.0,39.0,70.0,45.0,31.0,49.0,34.0
754,2019-01-25,70.0,69.0,53.0,54.0,44.0,81.0,66.0,29.0,45.0,47.0
755,2019-01-26,53.0,69.0,66.0,71.0,83.0,37.0,36.0,32.0,66.0,59.0
756,2019-01-27,52.0,79.0,51.0,51.0,46.0,72.0,57.0,28.0,43.0,46.0
757,2019-01-28,57.0,78.0,59.0,50.0,54.0,70.0,60.0,42.0,48.0,49.0
758,2019-01-29,76.0,67.0,66.0,72.0,69.0,50.0,33.0,53.0,62.0,82.0
759,2019-01-30,60.0,69.0,41.0,52.0,39.0,93.0,61.0,37.0,43.0,47.0
760,2019-01-31,69.0,82.0,69.0,61.0,47.0,80.0,60.0,30.0,47.0,46.0
761,2019-02-01,69.0,73.0,54.0,62.0,44.0,67.0,59.0,20.0,46.0,38.0
762,2019-02-02,81.0,76.0,56.0,53.0,47.0,76.0,55.0,42.0,38.0,39.0
763,2019-02-03,70.0,74.0,53.0,55.0,46.0,69.0,57.0,36.0,45.0,46.0
764,2019-02-04,67.0,86.0,47.0,41.0,36.0,64.0,61.0,20.0,42.0,51.0
765,2019-02-05,66.0,68.0,47.0,55.0,33.0,78.0,61.0,26.0,44.0,43.0
766,2019-02-06,49.0,77.0,49.0,55.0,43.0,81.0,65.0,24.0,45.0,50.0
767,2019-02-07,79.0,87.0,32.0,60.0,45.0,70.0,71.0,30.0,40.0,45.0
768,2019-02-08,64.0,76.0,50.0,44.0,42.0,59.0,68.0,24.0,44.0,46.0
769,2019-02-09,69.0,74.0,54.0,64.0,46.0,77.0,71.0,27.0,45.0,48.0
770,2019-02-10,61.0,78.0,49.0,56.0,45.0,74.0,57.0,32.0,47.0,40.0
771,2019-02-11,57.0,80.0,55.0,61.0,37.0,73.0,55.0,34.0,51.0,43.0
772,2019-02-12,63.0,74.0,52.0,59.0,30.0,71.0,55.0,23.0,44.0,38.0
773,2019-02-13,53.0,83.0,50.0,55.0,41.0,67.0,56.0,42.0,36.0,42.0
774,2019-02-14,53.0,76.0,47.0,55.0,56.0,71.0,43.0,35.0,41.0,58.0
775,2019-02-15,65.0,74.0,41.0,36.0,48.0,71.0,64.0,37.0,56.0,49.0
776,2019-02-16,63.0,71.0,49.0,49.0,51.0,76.0,54.0,28.0,35.0,45.0
777,2019-02-17,56.0,79.0,51.0,54.0,37.0,72.0,51.0,35.0,44.0,41.0
778,2019-02-18,69.0,84.0,60.0,58.0,44.0,72.0,64.0,31.0,47.0,54.0
779,2019-02-19,55.0,64.0,77.0,84.0,88.0,45.0,36.0,41.0,68.0,69.0
780,2019-02-20,63.0,76.0,47.0,49.0,54.0,70.0,61.0,35.0,45.0,48.0
781,2019-02-21,54.0,75.0,56.0,53.0,46.0,81.0,53.0,44.0,45.0,39.0
782,2019-02-22,75.0,71.0,65.0,54.0,46.0,59.0,65.0,42.0,49.0,39.0
783,2019-02-23,65.0,70.0,40.0,55.0,45.0,71.0,56.0,39.0,53.0,48.0
784,2019-02-24,68.0,66.0,61.0,40.0,46.0,78.0,58.0,33.0,50.0,45.0
785,2019-02-25,60.0,63.0,86.0,76.0,70.0,34.0,51.0,47.0,65.0,64.0
786,2019-02-26,70.0,70.0,50.0,66.0,46.0,80.0,60.0,29.0,54.0,44.0
787,2019-02-27,59.0,75.0,44.0,54.0,53.0,61.0,55.0,29.0,33.0,48.0
788,2019-02-28,68.0,65.0,48.0,39.0,41.0,67.0,63.0,29.0,52.0,48.0
789,2019-03-01,54.0,76.0,47.0,54.0,47.0,72.0,60.0,25.0,41.0,47.0
790,2019-03-02,52.0,65.0,67.0,75.0,73.0,52.0,41.0,47.0,70.0,64.0
791,2019-03-03,65.0,78.0,40.0,58.0,45.0,77.0,55.0,38.0,39.0,40.0
792,2019-03-04,76.0,77.0,51.0,55.0,48.0,71.0,50.0,44.0,49.0,56.0
793,2019-03-05,68.0,82.0,50.0,46.0,33.0,84.0,64.0,29.0,43.0,42.0
794,2019-03-06,76.0,78.0,42.0,67.0,52.0,70.0,61.0,24.0,49.0,49.0
795,2019-03-07,58.0,72.0,75.0,78.0,66.0,53.0,28.0,28.0,47.0,68.0
796,2019-03-08,58.0,83.0,60.0,48.0,37.0,72.0,55.0,35.0,29.0,51.0
797,2019-03-09,60.0,79.0,45.0,58.0,44.0,61.0,62.0,29.0,52.0,53.0
798,2019-03-10,70.0,73.0,57.0,49.0,32.0,66.0,58.0,24.0,47.0,50.0
799,2019-03-11,59.0,68.0,45.0,46.0,52.0,81.0,51.0,43.0,63.0,50.0
800,2019-03-12,54.0,76.0,41.0,56.0,41.0,64.0,55.0,31.0,45.0,40.0
801,2019-03-13,57.0,72.0,43.0,73.0,49.0,83.0,52.0,25.0,48.0,23.0
802,2019-03-14,51.0,72.0,64.0,85.0,79.0,48.0,50.0,27.0,64.0,44.0
803,2019-03-15,74.0,71.0,58.0,54.0,54.0,73.0,71.0,46.0,38.0,50.0
804,2019-03-16,68.0,64.0,68.0,97.0,80.0,44.0,40.0,34.0,69.0,68.0
805,2019-03-17,59.0,75.0,58.0,49.0,38.0,77.0,53.0,26.0,47.0,45.0
806,2019-03-18,51.0,92.0,53.0,60.0,56.0,81.0,60.0,33.0,55.0,38.0
807,2019-03-19,70.0,74.0,30.0,53.0,46.0,90.0,64.0,33.0,44.0,56.0
808,2019-03-20,75.0,77.0,42.0,55.0,48.0,67.0,62.0,47.0,43.0,36.0
809,2019-03-21,57.0,65.0,32.0,54.0,45.0,76.0,56.0,31.0,51.0,46.0
810,2019-03-22,57.0,76.0,53.0,43.0,62.0,75.0,70.0,31.0,42.0,33.0
811,2019-03-23,58.0,73.0,43.0,53.0,52.0,73.0,57.0,32.0,43.0,48.0
812,2019-03-24,68.0,73.0,73.0,93.0,84.0,47.0,21.0,42.0,59.0,58.0
813,2019-03-25,52.0,81.0,51.0,59.0,44.0,73.0,58.0,26.0,46.0,39.0
814,2019-03-26,78.0,77.0,58.0,50.0,47.0,65.0,66.0,29.0,37.0,43.0
815,2019-03-27,73.0,88.0,56.0,56.0,41.0,86.0,56.0,27.0,54.0,44.0
816,2019-03-28,60.0,61.0,71.0,67.0,82.0,54.0,48.0,33.0,74.0,60.0
817,2019-03-29,58.0,81.0,59.0,47.0,50.0,91.0,64.0,27.0,38.0,47.0
818,2019-03-30,62.0,69.0,53.0,44.0,40.0,75.0,61.0,44.0,47.0,42.0
819,2019-03-31,67.0,84.0,42.0,64.0,47.0,66.0,59.0,25.0,44.0,33.0
820,2019-04-01,87.0,79.0,57.0,43.0,41.0,76.0,65.0,24.0,47.0,45.0
821,2019-04-02,60.0,76.0,47.0,65.0,44.0,77.0,62.0,48.0,62.0,50.0
822,2019-04-03,52.0,82.0,43.0,69.0,47.0,74.0,54.0,27.0,45.0,46.0
823,2019-04-04,56.0,73.0,47.0,54.0,31.0,78.0,62.0,41.0,48.0,60.0
824,2019-04-05,68.0,89.0,49.0,43.0,32.0,76.0,52.0,25.0,50.0,45.0
825,2019-04-06,60.0,75.0,57.0,47.0,48.0,69.0,57.0,30.0,35.0,36.0
826,2019-04-07,81.0,84.0,58.0,43.0,51.0,76.0,70.0,35.0,33.0,56.0
827,2019-04-08,66.0,79.0,46.0,66.0,44.0,79.0,58.0,31.0,49.0,46.0
828,2019-04-09,57.0,73.0,59.0,54.0,76.0,43.0,29.0,34.0,80.0,72.0
829,2019-04-10,58.0,80.0,74.0,64.0,73.0,30.0,41.0,35.0,50.0,65.0
830,2019-04-11,55.0,91.0,72.0,54.0,81.0,39.0,37.0,43.0,67.0,70.0
831,2019-04-12,44.0,73.0,51.0,73.0,70.0,48.0,54.0,43.0,68.0,65.0
832,2019-04-13,65.0,79.0,55.0,44.0,49.0,77.0,60.0,31.0,54.0,46.0
833,2019-04-14,70.0,68.0,42.0,51.0,43.0,67.0,56.0,32.0,44.0,38.0
834,2019-04-15,59.0,81.0,78.0,63.0,70.0,41.0,43.0,34.0,63.0,64.0
835,2019-04-16,58.0,79.0,57.0,65.0,47.0,71.0,56.0,19.0,53.0,46.0
836,2019-04-17,69.0,65.0,58.0,87.0,81.0,50.0,40.0,33.0,45.0,72.0
837,2019-04-18,63.0,75.0,56.0,44.0,28.0,75.0,55.0,33.0,38.0,41.0
838,2019-04-19,80.0,69.0,53.0,59.0,29.0,78.0,60.0,51.0,38.0,36.0
839,2019-04-20,50.0,82.0,78.0,70.0,73.0,53.0,33.0,46.0,63.0,58.0
840,2019-04-21,70.0,57.0,68.0,97.0,84.0,54.0,37.0,37.0,59.0,66.0
841,2019-04-22,54.0,72.0,44.0,49.0,39.0,78.0,63.0,22.0,48.0,46.0
842,2019-04-23,66.0,75.0,52.0,47.0,49.0,68.0,59.0,45.0,46.0,53.0
843,2019-04-24,79.0,83.0,51.0,48.0,54.0,81.0,57.0,41.0,42.0,54.0
844,2019-04-25,54.0,74.0,47.0,60.0,40.0,71.0,55.0,36.0,59.0,43.0
845,2019-04-26,65.0,79.0,49.0,54.0,36.0,72.0,63.0,28.0,50.0,42.0
846,2019-04-27,74.0,70.0,43.0,51.0,43.0,76.0,62.0,20.0,41.0,33.0
847,2019-04-28,55.0,79.0,42.0,47.0,54.0,81.0,45.0,28.0,45.0,46.0
848,2019-04-29,61.0,82.0,50.0,50.0,35.0,70.0,60.0,22.0,46.0,40.0
849,2019-04-30,60.0,94.0,51.0,58.0,51.0,75.0,56.0,21.0,35.0,53.0
850,2019-05-01,50.0,66.0,74.0,71.0,72.0,51.0,26.0,35.0,55.0,67.0
851,2019-05-02,58.0,71.0,71.0,79.0,73.0,42.0,29.0,31.0,67.0,69.0
852,2019-05-03,49.0,89.0,46.0,53.0,38.0,61.0,62.0,26.0,49.0,33.0
853,2019-05-04,67.0,77.0,50.0,57.0,43.0,84.0,62.0,22.0,37.0,40.0
854,2019-05-05,64.0,83.0,47.0,61.0,39.0,76.0,75.0,33.0,42.0,52.0
855,2019-05-06,49.0,61.0,78.0,71.0,82.0,52.0,51.0,45.0,63.0,67.0
856,2019-05-07,57.0,77.0,44.0,51.0,53.0,77.0,63.0,34.0,55.0,38.0
857,2019-05-08,74.0,84.0,48.0,56.0,47.0,73.0,56.0,25.0,40.0,48.0
858,2019-05-09,80.0,60.0,72.0,70.0,65.0,53.0,43.0,51.0,72.0,65.0
859,2019-05-10,54.0,63.0,67.0,75.0,73.0,46.0,58.0,51.0,59.0,66.0
860,2019-05-11,68.0,74.0,48.0,57.0,21.0,65.0,65.0,30.0,50.0,62.0
861,2019-05-12,51.0,74.0,59.0,75.0,70.0,39.0,39.0,36.0,58.0,71.0
862,2019-05-13,52.0,73.0,53.0,54.0,55.0,84.0,60.0,22.0,54.0,63.0
863,2019-05-14,69.0,74.0,51.0,50.0,50.0,75.0,62.0,31.0,45.0,53.0
864,2019-05-15,62.0,85.0,46.0,59.0,37.0,62.0,67.0,37.0,42.0,49.0
865,2019-05-16,57.0,71.0,51.0,65.0,41.0,74.0,72.0,25.0,42.0,39.0
866,2019-05-17,67.0,95.0,61.0,60.0,36.0,74.0,60.0,29.0,49.0,36.0
867,2019-05-18,71.0,78.0,48.0,58.0,43.0,63.0,57.0,39.0,33.0,40.0
868,2019-05-19,53.0,79.0,51.0,49.0,41.0,73.0,61.0,32.0,33.0,56.0
869,2019-05-20,65.0,72.0,68.0,86.0,88.0,38.0,39.0,35.0,73.0,78.0
870,2019-05-21,57.0,70.0,69.0,87.0,74.0,42.0,38.0,39.0,58.0,72.0
871,2019-05-22,58.0,58.0,67.0,74.0,46.0,52.0,38.0,27.0,57.0,70.0
872,2019-05-23,56.0,66.0,50.0,55.0,45.0,75.0,63.0,25.0,36.0,43.0
873,2019-05-24,53.0,75.0,38.0,50.0,36.0,63.0,57.0,17.0,46.0,53.0
874,2019-05-25,83.0,78.0,41.0,47.0,50.0,74.0,60.0,41.0,42.0,39.0
875,2019-05-26,65.0,67.0,40.0,49.0,36.0,75.0,68.0,29.0,45.0,61.0
876,2019-05-27,59.0,71.0,55.0,48.0,55.0,80.0,56.0,25.0,41.0,45.0
877,2019-05-28,70.0,80.0,55.0,57.0,53.0,76.0,63.0,31.0,46.0,48.0
878,2019-05-29,63.0,73.0,45.0,63.0,46.0,65.0,68.0,32.0,58.0,43.0
879,2019-05-30,57.0,71.0,61.0,72.0,64.0,53.0,46.0,51.0,59.0,67.0
880,2019-05-31,47.0,71.0,63.0,77.0,69.0,64.0,37.0,33.0,64.0,90.0
881,2019-06-01,63.0,66.0,63.0,53.0,41.0,73.0,52.0,27.0,50.0,37.0
882,2019-06-02,73.0,71.0,55.0,53.0,36.0,72.0,67.0,34.0,49.0,44.0
883,2019-06-03,53.0,66.0,71.0,73.0,67.0,50.0,34.0,50.0,68.0,79.0
884,2019-06-04,61.0,76.0,39.0,60.0,40.0,67.0,63.0,34.0,42.0,46.0
885,2019-06-05,52.0,81.0,52.0,53.0,58.0,75.0,66.0,12.0,49.0,40.0
886,2019-06-06,65.0,82.0,54.0,54.0,38.0,77.0,70.0,41.0,50.0,50.0
887,2019-06-07,44.0,72.0,53.0,51.0,44.0,84.0,61.0,28.0,43.0,43.0
888,2019-06-08,54.0,71.0,75.0,86.0,75.0,46.0,44.0,41.0,64.0,65.0
889,2019-06-09,72.0,79.0,49.0,38.0,47.0,90.0,60.0,31.0,40.0,54.0
890,2019-06-10,69.0,69.0,49.0,58.0,35.0,73.0,53.0,25.0,42.0,53.0
891,2019-06-11,52.0,61.0,53.0,78.0,81.0,44.0,36.0,39.0,58.0,72.0
892,2019-06-12,61.0,78.0,59.0,47.0,48.0,79.0,60.0,35.0,44.0,69.0
893,2019-06-13,66.0,85.0,35.0,50.0,45.0,75.0,60.0,50.0,40.0,53.0
894,2019-06-14,60.0,86.0,46.0,54.0,47.0,84.0,67.0,28.0,49.0,52.0
895,2019-06-15,56.0,73.0,54.0,56.0,43.0,74.0,65.0,44.0,59.0,45.0
896,2019-06-16,59.0,80.0,46.0,54.0,49.0,75.0,58.0,23.0,41.0,51.0
897,2019-06-17,65.0,74.0,52.0,45.0,47.0,67.0,67.0,37.0,43.0,49.0
898,2019-06-18,52.0,59.0,59.0,79.0,63.0,44.0,35.0,44.0,62.0,57.0
899,2019-06-19,64.0,83.0,50.0,53.0,47.0,66.0,60.0,29.0,47.0,53.0
900,2019-06-20,71.0,76.0,40.0,45.0,50.0,80.0,63.0,23.0,41.0,41.0
901,2019-06-21,64.0,79.0,60.0,48.0,45.0,69.0,62.0,30.0,55.0,44.0
902,2019-06-22,56.0,67.0,44.0,57.0,42.0,81.0,60.0,43.0,42.0,45.0
903,2019-06-23,61.0,75.0,57.0,43.0,38.0,75.0,67.0,22.0,51.0,32.0
904,2019-06-24,57.0,89.0,49.0,46.0,43.0,81.0,60.0,29.0,31.0,44.0
905,2019-06-25,67.0,69.0,40.0,47.0,59.0,78.0,56.0,30.0,53.0,55.0
906,2019-06-26,72.0,73.0,33.0,56.0,43.0,69.0,69.0,32.0,42.0,50.0
907,2019-06-27,62.0,66.0,75.0,80.0,74.0,50.0,39.0,36.0,70.0,71.0
908,2019-06-28,51.0,74.0,51.0,79.0,78.0,41.0,46.0,16.0,65.0,64.0
909,2019-06-29,55.0,74.0,72.0,78.0,88.0,49.0,49.0,37.0,56.0,65.0
910,2019-06-30,55.0,90.0,56.0,62.0,38.0,66.0,56.0,33.0,59.0,49.0
911,2019-07-01,65.0,70.0,69.0,67.0,74.0,46.0,34.0,35.0,63.0,73.0
912,2019-07-02,75.0,71.0,49.0,49.0,54.0,78.0,72.0,29.0,44.0,53.0
913,2019-07-03,52.0,65.0,53.0,49.0,55.0,74.0,59.0,29.0,54.0,49.0
914,2019-07-04,60.0,70.0,57.0,54.0,53.0,68.0,49.0,42.0,33.0,43.0
915,2019-07-05,56.0,79.0,56.0,62.0,51.0,61.0,67.0,28.0,38.0,48.0
916,2019-07-06,69.0,84.0,40.0,42.0,43.0,80.0,65.0,32.0,49.0,38.0
917,2019-07-07,62.0,81.0,51.0,55.0,61.0,93.0,56.0,32.0,29.0,52.0
918,2019-07-08,63.0,72.0,45.0,45.0,39.0,80.0,54.0,35.0,54.0,37.0
919,2019-07-09,69.0,72.0,60.0,54.0,44.0,70.0,67.0,33.0,45.0,61.0
920,2019-07-10,57.0,77.0,57.0,55.0,42.0,65.0,67.0,26.0,37.0,49.0
921,2019-07-11,57.0,79.0,57.0,53.0,46.0,70.0,73.0,29.0,41.0,46.0
922,2019-07-12,52.0,67.0,70.0,88.0,85.0,52.0,36.0,51.0,45.0,72.0
923,2019-07-13,76.0,68.0,56.0,71.0,48.0,61.0,55.0,30.0,40.0,42.0
924,2019-07-14,62.0,69.0,55.0,48.0,49.0,76.0,62.0,32.0,36.0,48.0
925,2019-07-15,62.0,71.0,44.0,52.0,36.0,79.0,52.0,35.0,55.0,40.0
926,2019-07-16,61.0,89.0,60.0,50.0,57.0,73.0,64.0,29.0,45.0,43.0
927,2019-07-17,75.0,77.0,53.0,59.0,35.0,74.0,57.0,37.0,43.0,48.0
928,2019-07-18,49.0,52.0,63.0,69.0,65.0,49.0,36.0,40.0,58.0,72.0
929,2019-07-19,58.0,69.0,40.0,61.0,45.0,64.0,61.0,36.0,33.0,45.0
930,2019-07-20,58.0,75.0,54.0,58.0,48.0,78.0,66.0,37.0,38.0,47.0
931,2019-07-21,67.0,82.0,45.0,54.0,46.0,68.0,72.0,28.0,40.0,46.0
932,2019-07-22,47.0,65.0,44.0,52.0,53.0,58.0,68.0,31.0,53.0,47.0
933,2019-07-23,71.0,78.0,57.0,50.0,38.0,85.0,65.0,32.0,45.0,45.0
934,2019-07-24,59.0,95.0,56.0,51.0,41.0,70.0,60.0,43.0,46.0,39.0
935,2019-07-25,52.0,80.0,66.0,77.0,75.0,42.0,39.0,42.0,70.0,72.0
936,2019-07-26,66.0,70.0,45.0,58.0,51.0,69.0,66.0,40.0,45.0,52.0
937,2019-07-27,58.0,81.0,48.0,51.0,55.0,75.0,59.0,21.0,55.0,51.0
938,2019-07-28,58.0,60.0,75.0,69.0,71.0,35.0,48.0,45.0,62.0,68.0
939,2019-07-29,68.0,83.0,50.0,50.0,44.0,74.0,67.0,23.0,49.0,48.0
940,2019-07-30,56.0,84.0,55.0,46.0,34.0,74.0,69.0,34.0,49.0,62.0
941,2019-07-31,71.0,78.0,55.0,60.0,47.0,61.0,65.0,33.0,47.0,34.0
942,2019-08-01,51.0,70.0,65.0,96.0,77.0,48.0,38.0,27.0,54.0,48.0
943,2019-08-02,62.0,78.0,51.0,47.0,40.0,85.0,53.0,36.0,60.0,64.0
944,2019-08-03,64.0,58.0,51.0,42.0,47.0,69.0,55.0,33.0,48.0,56.0
945,2019-08-04,54.0,84.0,58.0,50.0,54.0,65.0,67.0,42.0,44.0,36.0
946,2019-08-05,73.0,71.0,62.0,77.0,69.0,38.0,28.0,28.0,69.0,59.0
947,2019-08-06,57.0,75.0,46.0,52.0,42.0,68.0,59.0,33.0,46.0,33.0
948,2019-08-07,50.0,60.0,80.0,88.0,77.0,45.0,26.0,25.0,68.0,63.0
949,2019-08-08,57.0,62.0,60.0,72.0,72.0,61.0,35.0,31.0,63.0,60.0
950,2019-08-09,61.0,76.0,48.0,62.0,52.0,61.0,73.0,33.0,48.0,42.0
951,2019-08-10,54.0,79.0,57.0,52.0,48.0,76.0,67.0,34.0,46.0,41.0
952,2019-08-11,69.0,73.0,37.0,53.0,41.0,70.0,83.0,37.0,53.0,41.0
953,2019-08-12,64.0,75.0,55.0,53.0,36.0,65.0,65.0,47.0,37.0,40.0
954,2019-08-13,63.0,78.0,33.0,53.0,50.0,71.0,58.0,25.0,43.0,43.0
955,2019-08-14,83.0,65.0,46.0,54.0,41.0,68.0,61.0,26.0,46.0,60.0
956,2019-08-15,60.0,79.0,56.0,55.0,43.0,67.0,58.0,34.0,53.0,40.0
957,2019-08-16,58.0,76.0,46.0,49.0,44.0,81.0,48.0,39.0,48.0,46.0
958,2019-08-17,60.0,70.0,71.0,80.0,78.0,56.0,36.0,34.0,58.0,72.0
959,2019-08-18,56.0,72.0,71.0,85.0,82.0,34.0,36.0,27.0,57.0,73.0
960,2019-08-19,60.0,72.0,71.0,86.0,78.0,42.0,36.0,34.0,62.0,72.0
961,2019-08-20,73.0,76.0,48.0,48.0,49.0,80.0,52.0,26.0,48.0,48.0
962,2019-08-21,51.0,70.0,40.0,58.0,47.0,89.0,70.0,33.0,42.0,48.0
963,2019-08-22,61.0,81.0,47.0,50.0,49.0,67.0,51.0,20.0,33.0,50.0
964,2019-08-23,59.0,67.0,50.0,60.0,47.0,83.0,63.0,28.0,44.0,43.0
965,2019-08-24,61.0,68.0,41.0,50.0,38.0,72.0,67.0,21.0,50.0,47.0
966,2019-08-25,65.0,81.0,40.0,66.0,43.0,71.0,55.0,38.0,50.0,52.0
967,2019-08-26,66.0,80.0,52.0,55.0,35.0,76.0,55.0,31.0,45.0,47.0
968,2019-08-27,62.0,67.0,64.0,75.0,76.0,39.0,35.0,32.0,52.0,61.0
969,2019-08-28,61.0,81.0,55.0,47.0,45.0,82.0,43.0,33.0,52.0,43.0
970,2019-08-29,54.0,75.0,46.0,54.0,47.0,76.0,64.0,27.0,34.0,39.0
971,2019-08-30,57.0,82.0,85.0,76.0,75.0,47.0,34.0,31.0,60.0,73.0
972,2019-08-31,63.0,71.0,62.0,68.0,33.0,80.0,74.0,32.0,53.0,41.0
973,2019-09-01,68.0,74.0,54.0,45.0,46.0,84.0,67.0,26.0,43.0,45.0
974,2019-09-02,63.0,80.0,58.0,42.0,49.0,62.0,65.0,28.0,48.0,43.0
975,2019-09-03,62.0,73.0,53.0,51.0,45.0,66.0,59.0,32.0,49.0,36.0
976,2019-09-04,59.0,72.0,47.0,57.0,40.0,86.0,63.0,24.0,50.0,44.0
977,2019-09-05,64.0,76.0,41.0,55.0,48.0,71.0,70.0,44.0,36.0,50.0
978,2019-09-06,67.0,89.0,48.0,53.0,37.0,86.0,56.0,30.0,54.0,29.0
979,2019-09-07,54.0,80.0,70.0,84.0,71.0,53.0,49.0,24.0,62.0,62.0
980,2019-09-08,63.0,73.0,55.0,53.0,47.0,74.0,69.0,38.0,49.0,41.0
981,2019-09-09,56.0,67.0,67.0,81.0,67.0,47.0,50.0,35.0,62.0,60.0
982,2019-09-10,56.0,74.0,51.0,51.0,52.0,70.0,61.0,37.0,46.0,38.0
983,2019-09-11,53.0,81.0,50.0,57.0,57.0,84.0,65.0,27.0,37.0,51.0
984,2019-09-12,56.0,62.0,47.0,51.0,53.0,77.0,63.0,30.0,41.0,38.0
985,2019-09-13,63.0,76.0,53.0,52.0,41.0,75.0,75.0,35.0,37.0,29.0
986,2019-09-14,67.0,62.0,69.0,82.0,75.0,53.0,50.0,41.0,49.0,67.0
987,2019-09-15,52.0,75.0,36.0,59.0,43.0,64.0,67.0,28.0,52.0,47.0
988,2019-09-16,61.0,66.0,46.0,59.0,52.0,76.0,60.0,46.0,41.0,47.0
989,2019-09-17,68.0,73.0,63.0,86.0,79.0,52.0,39.0,42.0,59.0,61.0
990,2019-09-18,71.0,62.0,58.0,49.0,41.0,81.0,65.0,39.0,50.0,54.0
991,2019-09-19,57.0,77.0,76.0,77.0,77.0,58.0,44.0,45.0,70.0,68.0
992,2019-09-20,61.0,81.0,58.0,62.0,47.0,73.0,69.0,25.0,50.0,48.0
993,2019-09-21,53.0,77.0,72.0,81.0,73.0,50.0,22.0,29.0,57.0,70.0
994,2019-09-22,62.0,81.0,44.0,55.0,48.0,76.0,54.0,36.0,38.0,36.0
995,2019-09-23,66.0,83.0,39.0,44.0,46.0,80.0,67.0,26.0,50.0,43.0
996,2019-09-24,57.0,83.0,53.0,43.0,45.0,77.0,61.0,38.0,34.0,44.0
997,2019-09-25,64.0,73.0,42.0,54.0,49.0,75.0,63.0,28.0,43.0,51.0
998,2019-09-26,57.0,82.0,49.0,48.0,52.0,72.0,67.0,20.0,46.0,40.0
999,2019-09-27,68.0,68.0,53.0,41.0,45.0,81.0,65.0,21.0,44.0,39.0
1000,2019-09-28,47.0,68.0,62.0,85.0,71.0,53.0,27.0,20.0,55.0,65.0
1001,2019-09-29,59.0,68.0,57.0,53.0,43.0,61.0,69.0,38.0,40.0,43.0
1002,2019-09-30,56.0,68.0,48.0,49.0,50.0,64.0,57.0,35.0,53.0,51.0
1003,2019-10-01,62.0,84.0,48.0,54.0,40.0,61.0,57.0,39.0,54.0,47.0
1004,2019-10-02,70.0,65.0,54.0,51.0,44.0,69.0,56.0,30.0,33.0,46.0
1005,2019-10-03,61.0,67.0,51.0,56.0,47.0,65.0,67.0,26.0,46.0,50.0
1006,2019-10-04,58.0,68.0,76.0,81.0,68.0,44.0,43.0,35.0,69.0,64.0
1007,2019-10-05,63.0,80.0,53.0,42.0,43.0,86.0,62.0,36.0,35.0,48.0
1008,2019-10-06,66.0,76.0,44.0,50.0,56.0,87.0,59.0,27.0,54.0,40.0
1009,2019-10-07,68.0,79.0,37.0,50.0,37.0,63.0,54.0,29.0,53.0,48.0
1010,2019-10-08,67.0,79.0,43.0,54.0,44.0,70.0,60.0,32.0,49.0,38.0
1011,2019-10-09,55.0,77.0,54.0,84.0,69.0,38.0,31.0,41.0,68.0,75.0
1012,2019-10-10,64.0,75.0,55.0,51.0,42.0,61.0,71.0,29.0,51.0,49.0
1013,2019-10-11,56.0,76.0,63.0,86.0,78.0,47.0,27.0,36.0,64.0,71.0
1014,2019-10-12,64.0,70.0,52.0,65.0,35.0,73.0,60.0,39.0,55.0,54.0
1015,2019-10-13,62.0,65.0,45.0,56.0,37.0,65.0,62.0,28.0,52.0,46.0
1016,2019-10-14,63.0,94.0,51.0,59.0,45.0,71.0,60.0,33.0,52.0,44.0
1017,2019-10-15,70.0,75.0,49.0,61.0,53.0,78.0,54.0,20.0,37.0,41.0
1018,2019-10-16,58.0,89.0,49.0,43.0,36.0,75.0,64.0,18.0,43.0,47.0
1019,2019-10-17,53.0,76.0,39.0,57.0,43.0,75.0,68.0,27.0,41.0,59.0
1020,2019-10-18,66.0,85.0,51.0,41.0,60.0,77.0,60.0,45.0,43.0,48.0
1021,2019-10-19,63.0,85.0,52.0,57.0,49.0,68.0,65.0,29.0,42.0,36.0
1022,2019-10-20,63.0,80.0,39.0,57.0,39.0,71.0,73.0,27.0,38.0,51.0
1023,2019-10-21,64.0,78.0,39.0,54.0,52.0,80.0,63.0,26.0,44.0,44.0
1024,2019-10-22,62.0,66.0,49.0,53.0,50.0,78.0,63.0,33.0,25.0,38.0
1025,2019-10-23,65.0,86.0,53.0,49.0,31.0,81.0,67.0,30.0,40.0,40.0
1026,2019-10-24,74.0,66.0,56.0,59.0,44.0,85.0,78.0,30.0,38.0,44.0
1027,2019-10-25,65.0,79.0,50.0,64.0,34.0,77.0,70.0,38.0,54.0,46.0
1028,2019-10-26,68.0,72.0,47.0,45.0,53.0,75.0,57.0,34.0,41.0,38.0
1029,2019-10-27,66.0,89.0,51.0,42.0,57.0,79.0,62.0,33.0,44.0,41.0
1030,2019-10-28,67.0,67.0,39.0,62.0,40.0,82.0,67.0,23.0,26.0,40.0
1031,2019-10-29,72.0,72.0,53.0,57.0,46.0,74.0,62.0,38.0,33.0,40.0
1032,2019-10-30,65.0,75.0,42.0,55.0,49.0,78.0,64.0,39.0,51.0,53.0
1033,2019-10-31,60.0,70.0,53.0,53.0,29.0,80.0,59.0,27.0,39.0,34.0
1034,2019-11-01,60.0,70.0,44.0,46.0,41.0,76.0,68.0,30.0,47.0,45.0
1035,2019-11-02,75.0,76.0,60.0,78.0,70.0,44.0,50.0,38.0,77.0,70.0
1036,2019-11-03,66.0,71.0,50.0,50.0,44.0,69.0,60.0,46.0,35.0,37.0
1037,2019-11-04,65.0,86.0,50.0,61.0,48.0,76.0,63.0,36.0,44.0,51.0
1038,2019-11-05,65.0,78.0,38.0,48.0,34.0,73.0,58.0,22.0,38.0,41.0
1039,2019-11-06,67.0,68.0,63.0,54.0,44.0,70.0,62.0,39.0,30.0,38.0
1040,2019-11-07,64.0,79.0,49.0,44.0,43.0,73.0,53.0,30.0,45.0,27.0
1041,2019-11-08,56.0,84.0,42.0,46.0,38.0,70.0,47.0,35.0,32.0,38.0
1042,2019-11-09,56.0,85.0,57.0,80.0,74.0,40.0,49.0,54.0,66.0,69.0
1043,2019-11-10,56.0,75.0,55.0,58.0,40.0,83.0,65.0,30.0,35.0,41.0
1044,2019-11-11,65.0,80.0,48.0,40.0,46.0,69.0,62.0,36.0,43.0,34.0
1045,2019-11-12,51.0,79.0,62.0,48.0,47.0,76.0,45.0,14.0,57.0,47.0
1046,2019-11-13,54.0,75.0,46.0,48.0,47.0,87.0,58.0,28.0,42.0,46.0
1047,2019-11-14,68.0,75.0,44.0,54.0,50.0,73.0,58.0,35.0,41.0,50.0
1048,2019-11-15,63.0,73.0,53.0,43.0,44.0,66.0,56.0,30.0,45.0,43.0
1049,2019-11-16,51.0,72.0,55.0,40.0,33.0,64.0,52.0,41.0,51.0,47.0
1050,2019-11-17,68.0,79.0,47.0,45.0,48.0,73.0,51.0,24.0,45.0,45.0
1051,2019-11-18,63.0,80.0,71.0,61.0,39.0,81.0,60.0,21.0,51.0,55.0
1052,2019-11-19,48.0,64.0,53.0,46.0,44.0,79.0,53.0,36.0,41.0,46.0
1053,2019-11-20,56.0,68.0,48.0,49.0,32.0,88.0,66.0,32.0,45.0,43.0
1054,2019-11-21,56.0,71.0,45.0,55.0,49.0,68.0,63.0,30.0,57.0,47.0
1055,2019-11-22,65.0,75.0,51.0,44.0,46.0,73.0,63.0,37.0,57.0,51.0
1056,2019-11-23,66.0,76.0,49.0,49.0,46.0,67.0,63.0,33.0,52.0,46.0
1057,2019-11-24,70.0,73.0,56.0,42.0,38.0,67.0,53.0,32.0,44.0,48.0
1058,2019-11-25,66.0,82.0,63.0,43.0,41.0,85.0,59.0,34.0,45.0,43.0
1059,2019-11-26,61.0,81.0,55.0,45.0,46.0,76.0,61.0,20.0,37.0,34.0
1060,2019-11-27,62.0,68.0,46.0,58.0,32.0,81.0,62.0,20.0,43.0,53.0
1061,2019-11-28,52.0,77.0,48.0,49.0,45.0,77.0,59.0,32.0,39.0,53.0
1062,2019-11-29,54.0,83.0,50.0,53.0,44.0,55.0,68.0,33.0,28.0,61.0
1063,2019-11-30,55.0,73.0,38.0,56.0,57.0,83.0,61.0,35.0,48.0,55.0
1064,2019-12-01,51.0,85.0,50.0,56.0,49.0,72.0,62.0,24.0,36.0,32.0
1065,2019-12-02,51.0,76.0,42.0,53.0,47.0,75.0,64.0,16.0,44.0,44.0
1066,2019-12-03,73.0,79.0,51.0,51.0,43.0,60.0,62.0,51.0,40.0,54.0
1067,2019-12-04,61.0,65.0,77.0,75.0,73.0,28.0,42.0,42.0,56.0,63.0
1068,2019-12-05,71.0,81.0,56.0,50.0,52.0,80.0,52.0,30.0,49.0,45.0
1069,2019-12-06,68.0,65.0,55.0,64.0,48.0,74.0,60.0,22.0,47.0,36.0
1070,2019-12-07,69.0,81.0,43.0,49.0,44.0,75.0,47.0,28.0,41.0,42.0
1071,2019-12-08,56.0,66.0,71.0,80.0,74.0,49.0,40.0,30.0,64.0,62.0
1072,2019-12-09,60.0,75.0,50.0,43.0,54.0,65.0,57.0,27.0,54.0,34.0
1073,2019-12-10,67.0,79.0,62.0,63.0,38.0,73.0,57.0,18.0,45.0,41.0
1074,2019-12-11,72.0,81.0,43.0,50.0,32.0,81.0,49.0,38.0,40.0,44.0
1075,2019-12-12,60.0,61.0,69.0,78.0,79.0,58.0,28.0,48.0,50.0,70.0
1076,2019-12-13,46.0,73.0,62.0,66.0,80.0,58.0,37.0,37.0,62.0,74.0
1077,2019-12-14,75.0,77.0,43.0,53.0,43.0,69.0,67.0,34.0,40.0,43.0
1078,2019-12-15,64.0,75.0,51.0,44.0,53.0,71.0,61.0,20.0,49.0,50.0
1079,2019-12-16,53.0,90.0,57.0,54.0,44.0,69.0,63.0,40.0,44.0,42.0
1080,2019-12-17,56.0,74.0,69.0,87.0,75.0,52.0,46.0,38.0,60.0,78.0
1081,2019-12-18,71.0,78.0,62.0,57.0,40.0,79.0,63.0,25.0,43.0,41.0
1082,2019-12-19,56.0,71.0,65.0,76.0,46.0,46.0,45.0,37.0,77.0,77.0
1083,2019-12-20,67.0,83.0,54.0,53.0,37.0,88.0,68.0,35.0,41.0,43.0
1084,2019-12-21,62.0,76.0,47.0,60.0,39.0,64.0,61.0,22.0,45.0,41.0
1085,2019-12-22,57.0,62.0,73.0,70.0,87.0,52.0,37.0,49.0,61.0,69.0
1086,2019-12-23,59.0,77.0,52.0,41.0,43.0,62.0,70.0,36.0,45.0,43.0
1087,2019-12-24,64.0,65.0,42.0,52.0,43.0,67.0,56.0,36.0,48.0,50.0
1088,2019-12-25,62.0,80.0,46.0,60.0,41.0,78.0,61.0,31.0,41.0,41.0
1089,2019-12-26,69.0,69.0,67.0,81.0,69.0,47.0,48.0,32.0,58.0,57.0
1090,2019-12-27,51.0,73.0,63.0,69.0,67.0,59.0,35.0,31.0,45.0,62.0
1091,2019-12-28,72.0,79.0,50.0,58.0,51.0,83.0,59.0,25.0,52.0,52.0
1092,2019-12-29,62.0,73.0,44.0,57.0,52.0,83.0,63.0,53.0,40.0,35.0
1093,2019-12-30,59.0,85.0,48.0,61.0,52.0,76.0,58.0,53.0,49.0,36.0
1094,2019-12-31,69.0,88.0,51.0,50.0,46.0,84.0,53.0,28.0,39.0,50.0
